load_step,load,total_energy,total_energy_change,total_init_energy,total_e_change_from_init,avg_energy,avg_energy_change,avg_init_energy,avg_e_change_from_init,min_iter_total_energy_change,min_iter_avg_energy_change,max_energy,max_force,avg_sigma11,avg_sigma12,avg_sigma22,avg_init_sigma11,avg_init_sigma12,avg_init_sigma22,avg_sigma12_change_from_init,avg_P11,avg_P12,avg_P21,avg_P22,avg_init_P11,avg_init_P12,avg_init_P21,avg_init_P22,participationFraction,m3_participationFraction,nr_elements_with_m3_change,nr_red_q1,nr_red_q2,nr_red_q3,nr_red_q4,max_m3_nr,sum_m3,max_positive_plastic_jump,max_negative_plastic_jump,nr_iterations,nr_func_evals,nr_edge_flips,nr_total_edge_flips,edge_flip_chosen_minus_other_energy,edge_flip_always_chose_lower_energy,LBFGS_Term_reason,CG_Term_reason,FIRE_Term_reason,run_time,minimization_time,write_time,est_time_remaining,cmX,cmY,maxX,minX,maxY,minY
1,0.15,37.406491581,0,573.11097436,-535.70448278,0.0038169889369,0,0.05848071167,-0.054663722733,0,0,0.13824567383,4.0624610774e-06,-0.020481749341,0.010124082925,0.016342735184,-0.060948460304,0.21507350448,-0.087513324261,-0.20494942155,-0.01785094653,0.010018848973,0.006536346327,0.020808862686,-0.030882486582,0.19362088715,0.19657532027,-0.019073759494,0.46166723853,0.46231239093,806,3609,2977,1671,1543,1,806,3,0,8444,13838,3280,3280,0,1,2,0,0,8.664s,8.663s,0.000s,0.000s,40.244868499,34.963244695,80.132524126,-0.36747587367,70.769478004,-0.76949963206
2,0.16,35.392907974,-2.0135836078,39.048854917,-3.6559469438,0.0036115212218,-0.00020546771508,0.0039845770324,-0.00037305581059,0,0,0.14225846646,1.3147341173e-05,-0.024267237928,0.0094609370771,0.020231867058,-0.014510525616,0.056550983571,0.010371511458,-0.047090046494,-0.021762513617,0.0086043430419,0.0068573339012,0.0241845763,-0.0176183026,0.056580565447,0.053579865074,0.01792437109,0.27198167922,0.36216717464,206,3659,3169,1565,1407,1,725,3,-1,3331,5611,1996,1996,0,1,8,0,0,12s,12.424s,0.117s,0.000s,40.601603937,34.963280704,80.870634216,-0.32936578351,70.668764603,-0.69900095879
3,0.17,33.531215267,-1.8616927069,37.030627864,-3.4994125972,0.0034215525782,-0.00018996864357,0.0037786354963,-0.00035708291809,0,0,0.14396780985,2.3975509156e-05,-0.027087936124,0.003763218603,0.023257992377,-0.017587605474,0.056859095624,0.013552234604,-0.053095877021,-0.02478731471,0.0023276338531,0.0014226921824,0.026850728974,-0.02097475557,0.05612335474,0.054973102801,0.021016193418,0.49243361162,0.54978214019,266,3239,3959,1497,1105,1,689,3,-1,3750,6058,1740,1740,0,1,8,0,0,16s,15.889s,0.239s,4m 57s,40.952488091,34.97041943,81.813057499,-0.086942501182,70.646170573,-0.74831732421
4,0.18,31.987729454,-1.5434858131,34.903416925,-2.9156874714,0.0032640540259,-0.00015749855235,0.0035615731556,-0.00029751912973,0,0,0.14224385438,1.6148339053e-05,-0.028514545046,0.012521560748,0.024952420382,-0.019696789906,0.051820059416,0.015866846159,-0.039298498668,-0.02804436274,0.0099539749715,0.0098674030046,0.029571592469,-0.023647701761,0.050530193073,0.050253234236,0.023402513526,0.37651824092,0.45881943697,148,3784,3452,1465,1099,1,604,3,-1,5093,8681,1607,1607,0,1,8,0,0,20s,20.617s,0.348s,5m 45s,41.295023094,34.970412686,82.591628477,-0.0083715231318,70.587414153,-0.71160721584
5,0.19,30.157344256,-1.8303851971,33.775372556,-3.6180283,0.0030772800262,-0.0001867739997,0.0034464665874,-0.00036918656122,0,0,0.16222297725,1.6050311502e-05,-0.032514834677,0.010059179675,0.029140613812,-0.020775228506,0.060038142204,0.017213103843,-0.049978962528,-0.032004230303,0.0063345355755,0.006529713276,0.032935123137,-0.02692428918,0.057589261421,0.058243730181,0.026197521067,0.46430924746,0.60506689264,185,3941,3592,1152,1115,1,580,3,-1,5648,9925,1916,1916,0,1,8,0,0,27s,27.392s,0.457s,6m 53s,41.64202807,34.956114405,83.348083956,0.048083955925,70.760411309,-1.1402839671
6,0.2,30.617681318,0.46033706156,31.843181936,-1.2255006177,0.0031242531957,4.6973169547e-05,0.0032493042792,-0.00012505108343,0,0,0.16070354288,1.9710530212e-05,-0.032844555483,0.022343891292,0.029516092697,-0.023720072841,0.058232612151,0.020345851976,-0.035888720859,-0.03437816089,0.018043683876,0.018578115636,0.035042630443,-0.030458440485,0.054745463317,0.055738978694,0.029198050792,0.3224552104,0.63427344581,172,4961,3110,915,814,1,577,3,-1,3837,6945,1662,1662,0,1,8,0,0,32s,32.179s,0.576s,6m 44s,41.991591114,34.95610354,83.935765481,-0.064234519416,70.729327808,-1.1982039062
7,0.21,31.499402234,0.88172091588,32.884495892,-1.3850936578,0.0032142247177,8.9971522029e-05,0.0033555608053,-0.00014133608753,0,0,0.14949191746,8.7876205293e-06,-0.037324044209,0.027644114507,0.033875838632,-0.023869124209,0.069626679268,0.020540661423,-0.041982564761,-0.039369390721,0.022801276211,0.022869443723,0.039006538174,-0.032905676705,0.065519698723,0.066970469454,0.031655864102,0.37606871004,0.61293537377,98,5225,3055,886,634,1,534,3,-1,3195,5240,1058,1058,0,1,8,0,0,36s,35.642s,0.695s,6m 16s,42.341162217,34.956103786,84.580878504,-0.11912149649,70.710272522,-1.1706774908
8,0.22,33.08133196,1.5819297263,34.02654362,-0.94521165993,0.0033756461184,0.00016142140064,0.0034720962878,-9.6450169381e-05,0,0,0.16116510408,1.5486265094e-05,-0.038614745521,0.039304898127,0.035132175994,-0.028064409015,0.074852177378,0.024616203439,-0.035547279251,-0.043791592348,0.034236146539,0.034231373557,0.042147865111,-0.037974190731,0.070176943941,0.071256985387,0.035478959705,0.36414493475,0.62364079022,89,6010,2341,844,605,1,481,3,-1,2754,4678,806,806,0,1,8,0,0,39s,38.381s,0.804s,5m 46s,42.6907004,34.956113205,85.300749306,-0.099250693629,70.709094447,-1.1669690907
9,0.23,31.889353842,-1.191978118,36.157040992,-4.2676871497,0.0032540156982,-0.0001216304202,0.0036894939788,-0.00043547828059,0,0,0.1607965178,9.6371785075e-06,-0.048943724951,0.019178626445,0.045499662862,-0.029313525468,0.085486433369,0.025830955941,-0.066307806924,-0.049885418507,0.012720895332,0.011367966314,0.049457458247,-0.04256363159,0.080551374788,0.081658340672,0.038713098091,0.43026309554,0.43602414131,288,4378,4300,554,568,1,592,3,-1,2760,4635,1675,1675,0,1,8,0,0,41s,40.967s,0.914s,5m 22s,43.040283239,34.956101562,86.107670515,0.0076705147926,70.93926889,-1.2808636585
10,0.24,32.295072038,0.40571819606,34.018906883,-1.7238348452,0.0032954155141,4.1399815925e-05,0.0034713170289,-0.00017590151481,0,0,0.17611365044,1.6688387803e-05,-0.055215490363,0.020963591921,0.051878538787,-0.038711878921,0.067158360443,0.035267816832,-0.046194768523,-0.05611351136,0.012940043846,0.011743659243,0.055416057048,-0.048214064141,0.060864059022,0.060724608282,0.045622827171,0.32941630637,0.40696863857,123,4342,4428,463,567,1,584,3,-1,2755,4726,1038,1038,0,1,8,0,0,44s,43.702s,1.025s,5m 5s,43.389840542,34.956133247,86.749032903,-0.050967096986,70.945407651,-1.2706221677
11,0.25,33.243692733,0.94862069506,34.508730695,-1.2650379612,0.0033922135442,9.6798030108e-05,0.0035212990505,-0.00012908550624,0,0,0.17536591919,1.6208051589e-05,-0.055431895594,0.035169082356,0.052173977928,-0.044893663037,0.06883199727,0.041556711461,-0.033662914914,-0.058677760422,0.026893880147,0.0256926991,0.057834449384,-0.054637179541,0.060912385125,0.061019576291,0.051726700661,0.3039868856,0.43406098982,107,5650,3146,450,554,1,554,3,-1,2260,3752,1218,1218,0,1,8,0,0,47s,45.867s,1.138s,4m 47s,43.73762046,34.948951277,87.262529683,-0.077361677305,71.007769546,-1.3053099012
12,0.26,28.900089973,-4.3436027607,36.137802985,-7.2377130122,0.0029489887727,-0.0004432247715,0.0036875309168,-0.0007385421441,0,0,0.15552026545,1.547400639e-05,-0.06449683226,0.018352668424,0.061848864714,-0.045102740015,0.082141285796,0.04184482235,-0.063788617371,-0.06572441046,0.0079884107429,0.0064523812915,0.06441108068,-0.057470130925,0.07393444811,0.074138729488,0.054228191365,0.43768684643,0.5934860936,260,4116,4946,406,332,1,550,3,-1,4066,6500,2278,2278,0,1,8,0,0,50s,49.675s,1.248s,4m 44s,44.087045242,34.948883661,87.957951728,-0.093818605934,70.917523807,-1.3157685927
13,0.27,30.885367934,1.9852779617,31.008778922,-0.12341098815,0.0031515681566,0.00020257938385,0.0031641611145,-1.2592957974e-05,0,0,0.16424811063,1.4744071615e-05,-0.059378989794,0.052459529743,0.056608402132,-0.053787218201,0.067233922925,0.051139250654,-0.014774393182,-0.067070702646,0.041640019261,0.041493724268,0.064289255055,-0.064254911658,0.056863147942,0.056846805385,0.060881740311,0.038264489869,0.40889857558,80,6940,2270,365,225,1,435,3,-1,2005,3298,1715,1715,0,1,8,0,0,52s,51.458s,1.355s,4m 27s,44.434651725,34.941834105,88.629466253,-0.11934520315,70.903877899,-1.3096877043
14,0.28,29.920464634,-0.96490329988,34.615480539,-4.695015905,0.0030531086362,-9.8459520396e-05,0.0035321918918,-0.00047908325561,0,0,0.15642393657,1.9792597116e-05,-0.075674659262,0.023113471539,0.073016020053,-0.048761416099,0.098906466936,0.045990828437,-0.075792995398,-0.077715867444,0.010454969725,0.0091036331613,0.075183998368,-0.065890170663,0.088011754946,0.089578187834,0.060809091352,0.4791469653,0.52540133264,151,3851,5526,215,208,1,430,3,-1,3285,5530,2459,2459,0,1,8,0,0,56s,54.708s,1.467s,4m 21s,44.791197706,34.941834475,88.943508861,-0.51289296749,70.957779511,-1.2401830582
15,0.29,31.942631414,2.0221667797,32.283679933,-0.34104851885,0.0032594521851,0.00020634354895,0.0032942530544,-3.480086927e-05,0,0,0.1775985818,8.8502305088e-06,-0.070997590566,0.05402818097,0.068358316604,-0.064344417764,0.072673158202,0.061685778554,-0.018644977232,-0.079305817704,0.040806549022,0.04039142914,0.075371385852,-0.076054710565,0.059938577693,0.060362489736,0.071681809992,0.17531060605,0.62090440888,45,7448,2001,178,173,1,362,3,-1,2036,3287,2021,2021,0,1,8,0,0,58s,56.602s,1.575s,4m 9s,45.140629563,34.94183136,89.587256371,-0.55783939628,70.989516393,-1.2371834966
16,0.3,28.573834926,-3.3687964881,35.763226738,-7.1893918116,0.0029156974414,-0.00034375474369,0.0036493088508,-0.00073361140935,0,0,0.15963575057,2.0651742857e-05,-0.082577804099,0.036154466103,0.08053046111,-0.059873180365,0.10097940527,0.057233906403,-0.064824939164,-0.088697863388,0.020241741648,0.020868967338,0.084647891123,-0.077881246873,0.08763641767,0.089141453242,0.071854602781,0.4210945377,0.44449574154,177,5578,3907,138,177,1,374,3,-1,3810,5991,1898,1898,0,1,8,0,0,1m 1s,1m 0.212s,1.686s,4m 6s,45.492191493,34.948976205,90.27027285,-0.54706536101,70.936686103,-1.0908754671
17,0.31,27.984324543,-0.58951038298,31.55895169,-3.5746271466,0.0028555433207,-6.0154120712e-05,0.0032203011928,-0.0003647578721,0,0,0.16936638762,9.7892464914e-06,-0.0938989484,0.021947663136,0.092081473473,-0.070457189081,0.084993995153,0.068409846091,-0.063046332017,-0.09822048603,0.0048072290343,0.0028634508034,0.092637543004,-0.08678326204,0.068979883094,0.071710363246,0.080951593603,0.42530343297,0.45213264142,192,3300,6257,114,129,1,339,3,-1,3387,5579,2638,2638,0,1,8,0,0,1m 5s,1m 3.510s,1.792s,4m 2s,45.841705748,34.948970237,91.006580587,-0.51780076618,71.173982771,-1.3823125612
18,0.32,28.621386543,0.6370620002,30.30306433,-1.6816777864,0.0029205496473,6.5006326551e-05,0.0030921494214,-0.00017159977413,0,0,0.1708658388,9.1317167921e-06,-0.09512283821,0.035895534041,0.093492400663,-0.081198088893,0.072275660285,0.079380613966,-0.036380126244,-0.10217722288,0.018134034488,0.017336908168,0.09656868671,-0.096138746993,0.05503350532,0.055300574815,0.088781653955,0.58388701697,0.5851170144,182,4774,4794,95,137,1,285,3,-1,2937,4851,3303,3303,0,1,8,0,0,1m 8s,1m 6.418s,1.899s,3m 57s,46.200889097,34.93468004,92.118731564,-0.11298509048,71.347176728,-1.3884676893
19,0.33,29.574210068,0.95282352472,31.604639248,-2.0304291801,0.0030177765376,9.7226890278e-05,0.0032249631886,-0.00020718665103,0,0,0.16779927154,1.4174428627e-05,-0.10305947784,0.029496575314,0.10142142613,-0.082577403015,0.08532637305,0.080946965469,-0.055829797735,-0.10876304387,0.011115932585,0.0091078819188,0.10261728749,-0.099995301624,0.067373968599,0.068900083962,0.092995241878,0.45120370763,0.56674283444,188,3847,5745,94,114,1,327,3,-1,2998,5369,2952,2952,0,1,8,0,0,1m 11s,1m 9.590s,2.008s,3m 52s,46.550241291,34.934680939,92.937020688,0.019633625926,71.15542864,-1.3428405365
20,0.34,30.2425709,0.66836083224,32.266306111,-2.0237352107,0.0030859766225,6.8200084923e-05,0.0032924802154,-0.00020650359293,0,0,0.17201972291,1.4923357327e-05,-0.1045366246,0.045825565197,0.10309699895,-0.090554368161,0.079853836744,0.088916316448,-0.034028271547,-0.1136745232,0.026219486088,0.024623651791,0.10695071847,-0.1068606849,0.061162343027,0.061593549551,0.099177017181,0.30539558581,0.5977907666,90,5693,3980,67,60,1,321,3,-1,3476,5796,2150,2150,0,1,8,0,0,1m 14s,1m 12.819s,2.116s,3m 48s,46.892443491,34.934689131,93.725313368,0.10583971834,71.236034806,-1.458786105
21,0.35,29.918593644,-0.32397725592,33.707726335,-3.7891326908,0.0030529177188,-3.3058903665e-05,0.0034395639117,-0.00038664619294,0,0,0.17043559683,8.5772807902e-06,-0.11106064548,0.045702597679,0.10987125588,-0.091923978006,0.095008495745,0.090484352347,-0.049305898066,-0.12118452857,0.02406678788,0.023564527787,0.11315527371,-0.11178566996,0.075063117483,0.076055136373,0.10323726023,0.33135235238,0.67048905087,108,4939,4784,41,36,1,315,3,-1,3893,6187,2414,2414,0,1,8,0,0,1m 18s,1m 16.467s,2.223s,3m 46s,47.246787528,34.948994701,94.313287321,0.013447332929,71.674735853,-1.5732613907
22,0.36,33.044475397,3.1258817522,33.411891585,-0.3674161888,0.0033718852445,0.00031896752574,0.0034093766924,-3.7491447837e-05,0,0,0.17457104736,9.8321225539e-06,-0.10154590401,0.085668003377,0.1003862848,-0.097313219827,0.096031031443,0.096123830225,-0.010363028065,-0.12048381742,0.061793561172,0.065086562752,0.11176617275,-0.11856895308,0.074097111797,0.076428951408,0.10878508204,0.032333913789,0.54400403174,65,8782,943,44,31,1,169,3,-1,2395,3800,2638,2638,0,1,8,0,0,1m 20s,1m 18.600s,2.329s,3m 38s,47.596278008,34.948968128,95.0379923,0.053891470179,71.603689702,-1.620586309
23,0.37,35.248635189,2.2041597922,38.391574944,-3.1429397556,0.0035967995091,0.00022491426451,0.0039175076474,-0.00032070813833,0,0,0.17037429511,1.7163541286e-05,-0.12199299269,0.056225413276,0.12076152585,-0.088751275761,0.13168463722,0.08759165656,-0.075459223948,-0.13549346275,0.029376263954,0.029546967533,0.12560240389,-0.11864814043,0.10744696861,0.11359921416,0.1081347279,0.4961762922,0.51171001418,98,5455,4233,53,59,1,211,3,-1,3008,5288,2195,2195,0,1,8,0,0,1m 24s,1m 21.765s,2.437s,3m 35s,47.951053265,34.963269154,95.581440183,-0.10251296209,72.089818636,-1.8698223745
24,0.38,38.396336896,3.1477017068,39.21859552,-0.82225862482,0.0039179935608,0.00032119405172,0.0040018975021,-8.3903941308e-05,0,0,0.17566534994,1.2623638876e-05,-0.12541605974,0.066796021894,0.12416526419,-0.107524766,0.10503595961,0.10629329916,-0.038239937711,-0.14185739135,0.037555897738,0.03784853682,0.13089561145,-0.13273303372,0.077983604196,0.08120232468,0.12139905288,0.34488236616,0.91328761909,83,5926,3807,37,30,1,240,3,-1,2228,3692,2274,2274,0,1,8,0,0,1m 26s,1m 24.057s,2.548s,3m 28s,48.300693321,34.963248522,96.399828526,0.030963897663,72.231819966,-2.1667192825
25,0.39,41.70257061,3.3062337147,42.847408559,-1.1448379491,0.004255364348,0.00033737078721,0.0043721845469,-0.00011682019889,0,0,0.17301266793,1.0985603842e-05,-0.13519067084,0.063970986738,0.13395031154,-0.11080664927,0.11430345484,0.10955585372,-0.050332468101,-0.15192041628,0.03245068213,0.03159237128,0.13918278073,-0.13924708061,0.084871404137,0.088322180724,0.12659577938,0.41480503687,0.93281697578,88,4166,5555,40,39,1,293,3,-1,2085,3799,1988,1988,0,1,8,0,0,1m 28s,1m 26.209s,2.654s,3m 22s,48.647536263,34.95611945,97.14524038,0.072926753478,72.444540847,-2.2122731089
26,0.4,44.801263037,3.0986924263,46.03487917,-1.2336161335,0.0045715574527,0.00031619310473,0.00469743665,-0.00012587919729,0,0,0.11684550853,1.3033776121e-05,-0.13137255232,0.088370137238,0.13026655479,-0.11962722892,0.11221170881,0.11838686961,-0.023841571575,-0.15467069944,0.05359042894,0.056239464232,0.14099295814,-0.14897681488,0.080549918578,0.083097718993,0.13428930325,0.19595854693,0.45220561221,61,6890,2813,55,42,1,228,3,-1,3182,5526,2360,2360,0,1,8,0,0,1m 32s,1m 29.468s,2.768s,3m 19s,48.997090941,34.95609313,97.943135199,0.18988309275,72.483425592,-2.3494396263
27,0.41,48.447294876,3.6460318399,50.273219536,-1.8259246594,0.004943601518,0.00037204406529,0.0051299203608,-0.00018631884279,0,0,0.16008526428,1.4768012931e-05,-0.14458745739,0.080462278668,0.14349918066,-0.11624508054,0.13420726549,0.11513908301,-0.053744986822,-0.16712945561,0.041900738444,0.043665960788,0.15181502103,-0.15222596184,0.099258867549,0.1053747943,0.13662052125,0.1893760591,0.27689670991,122,5016,4701,51,32,1,314,3,-1,3672,5828,2265,2265,0,1,8,0,0,1m 36s,1m 33.906s,2.873s,3m 18s,49.346642395,34.956090835,98.664530371,0.21456514288,72.550164478,-2.2903661834
28,0.42,52.886905306,4.4396104291,53.560324288,-0.67341898233,0.0053966229904,0.00045302147235,0.005465339213,-6.8716222686e-05,0,0,0.15198662151,1.3577968617e-05,-0.145654485,0.096814230689,0.14453870004,-0.12829922463,0.12749629366,0.12721094789,-0.030682062971,-0.17333252879,0.054725699444,0.058341956298,0.15708776748,-0.16420557977,0.088868536264,0.094337385269,0.1469853094,0.17302076292,0.36448178922,104,6125,3594,33,48,1,314,3,-1,4944,8324,2044,2044,0,1,8,0,0,1m 41s,1m 38.834s,2.987s,3m 19s,49.696217576,34.956102665,99.385134989,0.25306567553,72.552536905,-1.9871162676
29,0.43,56.855973386,3.9690680806,58.754364392,-1.8983910053,0.0058016299374,0.000405006947,0.0059953433053,-0.00019371336789,0,0,0.14436997962,1.8505765997e-05,-0.1571909333,0.094089380751,0.15613447313,-0.12969822859,0.14196085434,0.12858244364,-0.047871473585,-0.18548183498,0.048685452701,0.05115818274,0.16677613002,-0.17085726597,0.099743340783,0.10715838445,0.15254675118,0.17189228788,0.35814733884,230,4401,5325,45,29,1,374,3,-1,3709,6378,2356,2356,0,1,8,0,0,1m 45s,1m 42.707s,3.097s,3m 17s,50.035551629,34.948921085,100.09162267,0.26711927433,72.480977432,-2.0750993725
30,0.44,60.525856696,3.6698833095,62.606895737,-2.0810390409,0.0061761078261,0.00037447788873,0.0063884587486,-0.00021235092254,0,0,0.21581737103,1.6649253271e-05,-0.15222842638,0.11690427766,0.15123352666,-0.14024159352,0.139978793,0.13918513336,-0.023074515331,-0.18793153088,0.068527077025,0.074050045321,0.16790389959,-0.18265021743,0.094578714406,0.1010634971,0.16192047764,0.087044286396,0.52019683184,160,7449,2270,37,44,1,212,3,-1,3801,5871,3077,3077,0,1,8,0,0,1m 49s,1m 46.055s,3.204s,3m 13s,50.385044886,34.948958844,100.7725425,0.26007527754,72.466510978,-2.1135535304
31,0.45,58.975647512,-1.5502091837,67.351915708,-8.3762681963,0.0060179232155,-0.00015818461058,0.00687264446,-0.00085472124452,0,0,0.09674572044,1.7495827282e-05,-0.17313278354,0.094325069348,0.17247600362,-0.13562213272,0.16082770374,0.134627233,-0.066502634387,-0.20312283643,0.043252135323,0.044532592701,0.18169783182,-0.18550509914,0.11242619984,0.12204749736,0.16343810248,0.42862820616,0.38314624403,192,1401,8347,27,25,1,316,3,-1,3806,6268,4032,4032,0,1,8,0,0,1m 53s,1m 49.878s,3.333s,3m 11s,50.734520193,34.948925087,101.33741971,0.14011083624,72.025667261,-1.9901085155
32,0.46,64.313645926,5.3379984143,64.746936282,-0.43329035537,0.0065626169313,0.00054469371575,0.0066068302328,-4.4213301569e-05,0,0,0.11946776897,2.2167084845e-05,-0.16138737377,0.13009624756,0.16071488657,-0.15457119291,0.14079606864,0.15391441299,-0.010699821077,-0.20339919907,0.074746786877,0.082657301085,0.18090295717,-0.19959589006,0.089952999536,0.095602365942,0.1759930674,0.12885890028,0.66091404475,46,8321,1431,27,21,1,173,3,-1,1914,3341,4012,4012,0,1,8,0,0,1m 55s,1m 51.882s,3.440s,3m 5s,51.087307051,34.956100366,101.9849348,0.095364850903,71.991505803,-1.9734222028
33,0.47,71.533458398,7.2198124712,71.777155827,-0.24369742926,0.0072993324895,0.00073671555829,0.0073241995742,-2.4867084618e-05,0,0,0.11718710379,1.4006745116e-05,-0.15249065884,0.16135632417,0.15181370985,-0.14386373426,0.1737496018,0.14319124706,-0.012393277626,-0.20566648189,0.10325345812,0.11536926002,0.18135756995,-0.20085968644,0.11848187897,0.13087098428,0.17634360294,0.048577345777,0.52174427534,100,8862,923,5,10,1,164,3,-1,7016,11513,1012,1012,0,1,8,0,0,2m 2s,1m 58.766s,3.545s,3m 7s,51.436871347,34.95610187,102.63413047,0.048356763108,72.018170535,-1.9209316511
34,0.48,76.367507046,4.8340486482,80.453666426,-4.0861593799,0.0077926027598,0.00049327027023,0.0082095577985,-0.00041695503877,0,0,0.13166310943,2.2151619046e-05,-0.17718520016,0.14432510985,0.17657014975,-0.1362875615,0.20194272745,0.13561061251,-0.057617617595,-0.22686385216,0.077373140205,0.08837064294,0.19946341833,-0.20421929823,0.14369210234,0.16030814751,0.17762588855,0.55732290601,0.62273841174,76,8241,1519,13,27,1,131,3,-1,3955,6738,1866,1866,0,1,8,0,0,2m 6s,2m 2.842s,3.656s,3m 5s,51.789866288,34.963286896,103.33512137,0.06427744865,71.783209819,-1.7935102137
35,0.49,84.027653961,7.6601469149,84.515230781,-0.48757682017,0.0085742504041,0.00078164764438,0.0086240031409,-4.9752736752e-05,0,0,0.11847867909,1.8038101022e-05,-0.19228386405,0.14281601013,0.19155830288,-0.15894744644,0.1874052912,0.15833239603,-0.044589281073,-0.2430786183,0.071165507682,0.079798251487,0.21234521322,-0.22444533382,0.12054198123,0.13646335376,0.19530487423,0.33295557069,0.37949400433,153,4423,5348,17,12,1,192,3,-1,6140,10647,3371,3371,0,1,8,0,0,2m 13s,2m 9.301s,3.764s,3m 6s,52.139494077,34.963234102,104.09164379,0.13669019177,71.715462943,-2.0921170025
36,0.5,91.10184839,7.0741944296,92.079770572,-0.97792218196,0.0092961069786,0.00072185657445,0.0093958949563,-9.9787977751e-05,0,0,0.098367567586,2.4062807257e-05,-0.20021862522,0.15121535746,0.1995392951,-0.1738252522,0.18555535321,0.17309969103,-0.034339995753,-0.25545618769,0.075197607408,0.083911568879,0.22091393498,-0.2407622641,0.1139783669,0.12765784467,0.20786133545,0.31321304046,0.70004195169,82,3996,5790,8,6,1,136,3,-1,3333,6138,2757,2757,0,1,8,0,0,2m 16s,2m 12.906s,3.871s,3m 2s,52.485555912,34.956122308,104.74459884,0.088880357191,71.711350064,-2.1116850194
37,0.51,99.305937327,8.2040889368,99.581782319,-0.27584499233,0.010133258911,0.00083715193233,0.010161406359,-2.8147448197e-05,0,0,0.096457265868,1.3639767079e-05,-0.19148824066,0.1812792976,0.19079956774,-0.18103325748,0.19426463364,0.18035392736,-0.01298533604,-0.25901297552,0.10139442015,0.11532728211,0.22244300896,-0.2530114767,0.11837722118,0.13244186208,0.21612015194,0.18826746021,0.75337761664,41,7792,1998,5,5,1,88,3,-1,3788,6485,2526,2526,0,1,8,0,0,2m 20s,2m 16.734s,3.979s,2m 59s,52.835106944,34.956097197,105.50391496,0.15542466313,71.647454042,-2.0642879228
38,0.52,107.55764683,8.2517095041,109.20011325,-1.64246642,0.010975270085,0.00084201117389,0.011142868699,-0.00016759861428,0,0,0.10015942756,1.7559465847e-05,-0.2182205517,0.16796303764,0.2175412725,-0.17348440217,0.22190350867,0.17279572925,-0.053940471026,-0.28300428784,0.081590312803,0.090058052347,0.2416579708,-0.25762364952,0.14188139388,0.16124683855,0.21840903633,0.4209849597,0.58994868038,166,2516,7271,7,6,1,226,3,-1,3563,6220,3334,3334,0,1,8,0,0,2m 24s,2m 20.395s,4.091s,2m 56s,53.184671068,34.956090822,106.01560409,-0.017030152299,71.485865869,-1.9045550917
39,0.53,116.4548505,8.8972036703,116.83201768,-0.37716717534,0.01188314801,0.00090787792554,0.011921634457,-3.8486446464e-05,0,0,0.093035007011,9.9531890441e-06,-0.21036474475,0.19658207794,0.20969846485,-0.1986836341,0.21020549861,0.19800435489,-0.013623420663,-0.28772598732,0.10442320434,0.11986543009,0.24395754837,-0.28093209053,0.12389545948,0.13809082713,0.23668439945,0.37268445821,0.7557830675,95,7215,2570,4,11,1,111,3,-1,3415,5427,3955,3955,0,1,8,0,0,2m 27s,2m 23.664s,4.197s,2m 52s,53.538012631,34.963219234,106.77764827,0.047024330379,71.57510534,-1.8199152602
40,0.54,126.25439331,9.799542813,127.09902576,-0.84463244507,0.012883101359,0.00099995334827,0.012969288343,-8.6186984191e-05,0,0,0.093311223318,8.924047844e-06,-0.22954104763,0.19443826259,0.22884451079,-0.1915317151,0.23717325001,0.19086543519,-0.042734987418,-0.3082944138,0.094206319196,0.10812350953,0.25977285662,-0.28645706983,0.14487522731,0.16624610816,0.23989164734,0.4160493322,0.83556538578,108,3422,6365,5,8,1,146,3,-1,4654,7849,3355,3355,0,1,8,0,0,2m 32s,2m 28.277s,4.304s,2m 49s,53.887657284,34.963255248,107.3044606,-0.10830208069,71.86734566,-1.7933750106
41,0.55,135.96286188,9.7084685623,136.78247405,-0.81961217483,0.013873761416,0.00099066005738,0.013957395311,-8.3633895391e-05,0,0,0.089677201468,1.3458274215e-05,-0.23387270111,0.20936838983,0.23319091787,-0.21042997013,0.23504531914,0.20973343328,-0.025676929301,-0.32007171834,0.10322280589,0.11923931511,0.26838212356,-0.30713736552,0.13464886583,0.15462365531,0.25566951349,0.12085913009,0.37306400243,117,3455,6322,12,11,1,177,3,-1,2926,4796,2055,2055,0,1,8,0,0,2m 35s,2m 31.113s,4.411s,2m 45s,54.241219831,34.970400234,107.98313501,-0.12647701494,71.938928005,-2.0891507769
42,0.56,147.0799399,11.117078027,147.22651819,-0.14657829042,0.015008157133,0.0011343957171,0.015023114101,-1.4956968411e-05,0,0,0.097236277991,3.1970668333e-05,-0.22036265511,0.24357376948,0.2196837887,-0.2143098241,0.24989294903,0.21362804086,-0.0063191795542,-0.32278054671,0.13319276631,0.15694465035,0.26863419233,-0.31898786647,0.14357038004,0.16597204512,0.26424952343,0.11026589253,0.44981048845,26,8363,1417,7,13,1,94,3,-1,3372,5643,2788,2788,0,1,8,0,0,2m 39s,2m 34.627s,4.519s,2m 41s,54.590923285,34.970405575,108.77373347,-0.030899858105,71.974614341,-2.0216261699
43,0.57,158.46174517,11.381805263,159.97428305,-1.5125378847,0.016169565833,0.0011614087003,0.016323906434,-0.00015434060048,0,0,0.093878421856,1.7706915415e-05,-0.26057223467,0.22333804795,0.25989885132,-0.20206033885,0.28202674222,0.20138147245,-0.058688694265,-0.35736941082,0.10176675381,0.11738040436,0.29526781202,-0.32286640419,0.17110442937,0.20138719386,0.26537354603,0.49209142999,0.46236669529,161,1213,8564,14,9,1,237,3,-1,3385,6403,3836,3836,0,1,8,0,0,2m 43s,2m 38.396s,4.630s,2m 37s,54.94062823,34.97041069,109.78029416,0.29320819432,72.279762368,-2.5947631503
44,0.58,170.0940643,11.632319137,170.37858703,-0.28452272723,0.017356537174,0.0011869713405,0.017385570105,-2.903293135e-05,0,0,0.091042707996,1.7940506381e-05,-0.25196940874,0.25220120369,0.25131929705,-0.24137008109,0.26292553253,0.24069669774,-0.01072432884,-0.3634141503,0.1264018659,0.14766286458,0.29783644006,-0.35721236458,0.14088746031,0.16314283066,0.2915802776,0.16038888023,0.62035659454,45,2423,7356,10,11,1,216,3,-1,3260,5869,1391,1391,0,1,8,0,0,2m 46s,2m 41.748s,4.737s,2m 34s,55.279045564,34.963261284,109.96586716,0.24149240842,72.248320597,-2.2709540131
45,0.59,183.1740915,13.080027192,183.43025768,-0.25616617947,0.018691233826,0.0013346966523,0.018717373232,-2.6139406068e-05,0,0,0.083674465907,1.2569745758e-05,-0.23986811113,0.28449033033,0.23919685638,-0.23233805333,0.29160353457,0.23168794164,-0.007113204239,-0.36805178171,0.15150899664,0.18303337524,0.30035808243,-0.36343567095,0.16528354527,0.19371166157,0.2940615318,0.068311829036,0.52301651624,76,8015,1766,9,10,1,129,3,-1,2464,4414,3344,3344,0,1,8,0,0,2m 49s,2m 44.368s,4.844s,2m 29s,55.624468604,34.956134849,110.7362213,0.3125857616,72.265309415,-2.6840020286
46,0.6,196.55522352,13.381132022,198.0443282,-1.4891046772,0.020056655461,0.0013654216349,0.020208604918,-0.00015194945685,0,0,0.086131977948,8.8287920961e-06,-0.2815927652,0.26877828141,0.28091211163,-0.22171923122,0.32190684642,0.22104797647,-0.053128565011,-0.40619593021,0.12252398733,0.14593269898,0.32835548214,-0.36940006927,0.1879444302,0.22673132106,0.29778970676,0.33749003329,0.32524555838,155,678,9103,11,8,1,192,3,-1,3651,6134,4192,4192,0,1,8,0,0,2m 53s,2m 48.067s,4.966s,2m 25s,55.969720198,34.94893908,111.5351469,0.43624618362,72.401052172,-2.210013821
47,0.61,210.6617834,14.10655988,210.67608048,-0.014297076403,0.021496100347,0.0014394448858,0.021497559232,-1.4588853472e-06,0,0,0.082779990435,1.5429480809e-05,-0.26596090711,0.30429469778,0.26528370335,-0.26232561042,0.30760064896,0.26164495685,-0.003305951184,-0.40933120167,0.15394639616,0.18618413809,0.32811712708,-0.40728449095,0.16043478164,0.19134692637,0.32531882837,0.010340064538,0.50136691116,48,4179,5608,7,6,1,129,3,-1,3973,7456,2770,2770,0,1,8,0,0,2m 59s,2m 54.349s,5.092s,2m 24s,56.319222084,34.948950245,112.24983279,0.47445132726,72.402038307,-2.2183711426
48,0.62,226.44259088,15.780807481,226.52167785,-0.079086974471,0.023106386825,0.0016102864776,0.023114456924,-8.0700994358e-06,0,0,0.086196979723,9.0689148106e-06,-0.25009482751,0.33937216544,0.24941828098,-0.24671155354,0.34251355758,0.24603434978,-0.003141392149,-0.41302613495,0.18386074237,0.22652220843,0.32878050076,-0.41090214598,0.19107675169,0.23131887392,0.32528755644,0.019558707887,0.4942324899,66,9122,666,5,7,1,69,3,-1,2837,4935,2187,2187,0,1,8,0,0,3m 3s,2m 57.829s,5.204s,2m 20s,56.668719891,34.948971512,112.94407163,0.48293329309,72.405137649,-2.2313540121
49,0.63,243.30774455,16.865153668,243.96916727,-0.66142272641,0.024827320872,0.0017209340478,0.024894812987,-6.749211494e-05,0,0,0.12054084867,1.8292079323e-05,-0.28025390996,0.33506133999,0.27951872547,-0.23278919027,0.37541525312,0.23211264375,-0.040353913137,-0.44519853796,0.16745316683,0.20506505626,0.3511751848,-0.41627462485,0.21822265485,0.26888219421,0.32721633912,0.39889229761,0.46920511301,124,3798,5980,5,17,1,151,3,-1,2847,5276,2948,2948,0,1,8,0,0,3m 6s,3m 1.016s,5.313s,2m 16s,57.018194017,34.948944207,113.74017081,0.60685884188,72.495517309,-2.6459211129
50,0.64,259.96504587,16.657301318,260.63678422,-0.67173835624,0.026527045497,0.0016997246243,0.026595590227,-6.8544730229e-05,0,0,0.13608993991,1.5810691623e-05,-0.2844927701,0.35282117739,0.28369715057,-0.26225458881,0.371931073,0.26151940432,-0.019109895611,-0.46150706199,0.17751849847,0.21824658688,0.36080181544,-0.44848242749,0.20263037464,0.24847422375,0.34945441482,0.22718785684,0.53675015119,105,3640,6129,14,17,1,192,3,-1,2698,4420,2542,2542,0,1,8,0,0,3m 9s,3m 3.803s,5.421s,2m 12s,57.363132673,34.941832556,114.51403709,0.71943482221,72.526965284,-2.5575552552
51,0.65,278.0702018,18.10515593,278.17440352,-0.10420172425,0.028374510387,0.0018474648909,0.028385143216,-1.0632829006e-05,0,0,0.11808689391,1.6739697681e-05,-0.27474232642,0.38233267111,0.2739042636,-0.26615740152,0.38984150226,0.26536178199,-0.0075088311436,-0.47002892869,0.20055486452,0.25020384022,0.36447194736,-0.46507441695,0.21272474802,0.26210308463,0.35897161785,0.11768410642,0.22404509345,41,7410,2357,6,27,1,141,3,-1,1623,2558,2196,2196,0,1,8,0,0,3m 11s,3m 5.408s,5.527s,2m 7s,57.712542833,34.941827065,115.28838918,0.79927590988,72.547787133,-2.5748516794
52,0.66,297.17186437,19.101662576,297.69995627,-0.5280918947,0.03032365963,0.0019491492425,0.030377546558,-5.388692803e-05,0,0,0.11887674058,9.4338076489e-06,-0.27862769334,0.39961595966,0.27761762827,-0.25750005336,0.41820146395,0.25666199054,-0.018585504288,-0.48652177389,0.21001732328,0.26292755412,0.37410018718,-0.47479142177,0.23413055706,0.29262641921,0.36350884257,0.29199460053,0.5920174148,91,6446,3314,11,29,1,196,3,-1,2961,5163,1612,1612,0,1,8,0,0,3m 14s,3m 8.311s,5.633s,2m 3s,58.061957104,34.941813156,115.8845794,0.72897503081,72.507717216,-2.6454893903
53,0.67,66.396041,-230.77582337,317.63638326,-251.24034226,0.0067751062245,-0.023548553405,0.032411875843,-0.025636769619,0,0,0.19456788635,6.6704283194e-06,0.0026258547828,0.032314897234,-0.01078615738,-0.26196568877,0.43499572831,0.2609556237,-0.40268083108,-0.0044940664474,0.025567940247,0.037010714121,0.0087470108717,-0.49215420687,0.24277804563,0.30468504036,0.3735483362,0.58838645747,0.70280886598,1075,4118,2269,2133,1280,2,1098,3,-1,17620,27704,3782,3782,0,1,8,0,0,3m 31s,3m 25.321s,5.740s,2m 8s,58.246965054,34.898958796,115.25992589,-1.0273093236,76.361044559,-5.6903219943
54,0.68,64.251748758,-2.144292242,68.535057017,-4.2833082594,0.0065563008936,-0.00021880533082,0.006993373165,-0.00043707227137,0,0,0.18236473679,1.9746803033e-05,-0.00093003347889,0.042847104484,-0.0071397299392,0.0052031748395,0.054826582051,-0.013363477436,-0.011979477567,-0.011439648681,0.033428578604,0.047334200727,0.014227855986,-0.0077737926706,0.049276504572,0.061794509966,0.011200341895,0.14587603815,0.39630994882,182,4281,2079,2140,1300,2,904,3,-1,3901,6063,1586,1586,0,1,8,0,0,3m 34s,3m 28.913s,5.850s,2m 4s,58.586491176,34.906037795,116.21889463,-0.97871082055,76.425729164,-5.6755729894
55,0.69,65.762559826,1.5108110685,66.914401161,-1.1518413349,0.0067104652884,0.00015416439474,0.0068280001185,-0.00011753483009,0,0,0.19269641202,1.5102126586e-05,0.0044327640277,0.056099728978,-0.012615745764,0.0012432293488,0.065652949445,-0.0093129927668,-0.0095532204674,-0.011155484373,0.045214789343,0.061782435858,0.012965701331,-0.014911781325,0.057543949952,0.072408614661,0.016681304112,0.10273712706,0.38729728222,110,4609,1922,2071,1198,2,830,3,-1,4203,6851,575,575,0,1,8,0,0,3m 39s,3m 33.285s,5.958s,2m 0s,58.935578606,34.9060665,116.87692277,-0.87986518734,76.427698183,-5.7134960271
56,0.7,67.732081789,1.969521963,69.07260033,-1.3405185405,0.0069114369173,0.00020097162888,0.0070482245234,-0.00013678760617,0,0,0.18672477051,9.2577837014e-06,0.0068032035507,0.061505877928,-0.015126261797,0.0062736482173,0.078813441596,-0.014456629954,-0.017307563668,-0.010139516206,0.04968902728,0.064345152071,0.011457000117,-0.01478154486,0.069155375439,0.086663948199,0.015497384056,0.323943614,0.55114015509,163,4678,1767,2070,1285,2,820,3,-1,6305,10816,664,664,0,1,8,0,0,3m 46s,3m 40.428s,6.067s,1m 58s,59.291762643,34.906082467,117.62312032,-0.92519487994,76.522604528,-5.7921364086
57,0.71,62.709080041,-5.0230017478,71.306432217,-8.5973521753,0.0063988857185,-0.00051255119875,0.0072761665527,-0.00087728083421,0,0,0.19744018857,2.0324616903e-05,-0.0027688518462,0.048028340754,-0.0052863068462,0.0082109976983,0.084233611482,-0.016534055945,-0.036205270728,-0.010207863641,0.03961188949,0.041013475758,0.012546811135,-0.01407484926,0.073569457414,0.089134434579,0.014166106425,0.30366436952,0.37611552487,319,4245,2126,2157,1272,2,793,3,-1,6498,10404,1635,1635,0,1,8,0,0,3m 53s,3m 47.125s,6.184s,1m 56s,59.63572809,34.898852794,118.69635724,-0.55572930373,76.94748681,-6.1620636794
58,0.72,58.523362408,-4.1857176331,65.628973001,-7.1056105922,0.0059717716743,-0.00042711404419,0.0066968339797,-0.00072506230533,0,0,0.20885460128,1.6373814016e-05,-0.013628244834,0.035604624315,0.0062491729343,-0.0014581297127,0.070990132404,-0.0065970289798,-0.03538550809,-0.011322948854,0.027754880918,0.0095627730642,0.010452571426,-0.013904352169,0.063919186245,0.06596875665,0.015158952056,0.4324703204,0.42087789897,338,2029,3550,2317,1904,2,821,3,-1,6602,10883,2217,2217,0,1,8,0,0,3m 59s,3m 53.557s,6.293s,1m 53s,59.969300607,34.877506873,119.25286365,-0.50393904797,77.451907956,-6.4047491633
59,0.73,57.046081685,-1.4772807232,60.851459947,-3.8053782615,0.0058210287434,-0.00015074293094,0.0062093326476,-0.00038830390424,0,0,0.18607123182,2.1781803631e-05,-0.0059169414676,0.0395692678,-0.0013606923729,-0.012656867264,0.059266448017,0.0052777953641,-0.019697180217,-0.0067829714049,0.033188036638,0.024164662064,0.005218058132,-0.0150918451,0.053156668547,0.035124467621,0.012893488941,0.28200011633,0.45977970198,214,3056,2568,2685,1491,2,773,3,-1,5220,8774,1786,1786,0,1,8,0,0,4m 5s,3m 58.938s,6.403s,1m 50s,60.334300937,34.870409925,119.9593157,-0.11905012012,77.731836855,-6.3763618446
60,0.74,58.101375218,1.0552935326,59.57826751,-1.476892292,0.0059287117569,0.00010768301353,0.006079415052,-0.0001507032951,0,0,0.19888270536,2.3399373549e-05,-0.003338043532,0.052829355301,-0.0037006898135,-0.0056939213735,0.063654784205,-0.001583712467,-0.010825428904,-0.010246484645,0.044421534423,0.042735316735,0.0087123645247,-0.010755660219,0.058732935233,0.049892745192,0.0081907902854,0.15666955931,0.49741923593,165,3794,2210,2664,1132,2,710,3,-1,6729,11021,1257,1257,0,1,8,0,0,4m 12s,4m 5.734s,6.515s,1m 47s,60.682983298,34.870372283,120.69501936,0.026779391107,77.722060297,-6.4785343746
61,0.75,59.09673898,0.99536376254,61.282474645,-2.1857356644,0.0060302794878,0.00010156773087,0.0062533137393,-0.00022303425147,0,0,0.17809374551,9.510275378e-06,0.016470871543,0.051460952188,-0.023433567829,-0.0032569317961,0.076830359131,-0.0037818015495,-0.025369406942,0.0037362338115,0.047750657929,0.04795746198,-0.0057603033171,-0.014313262373,0.069696891285,0.068280679788,0.011745520713,0.45525575448,0.54919904765,190,4194,1484,2593,1529,2,661,3,-1,5711,9163,1131,1131,0,1,8,0,0,4m 17s,4m 10.995s,6.629s,1m 43s,61.02099417,34.856143551,121.3492975,-0.027825401021,77.819765868,-7.0791855555
62,0.76,59.388227643,0.29148866255,62.20780617,-2.8195785274,0.0060600232289,2.9743741076e-05,0.0063477353235,-0.00028771209463,0,0,0.15413865636,1.3286992878e-05,0.026750690474,0.056719902629,-0.033608428477,0.015508227804,0.075435694301,-0.022470924091,-0.018715791672,0.011595503127,0.053459613055,0.058734946621,-0.013098613419,-0.00088011551485,0.072810818262,0.073281366557,-0.0021701912175,0.25499957282,0.42631596782,169,4551,1169,2672,1408,2,615,3,-1,6590,10992,889,889,0,1,8,0,0,4m 24s,4m 17.233s,6.738s,1m 40s,61.342684365,34.848988451,122.13644378,0.12104283596,77.785982078,-7.5929442782
63,0.77,57.725274394,-1.6629532484,62.759730706,-5.0344563111,0.0058903341219,-0.00016968910698,0.0064040541536,-0.00051372003175,0,0,0.16593655317,2.3083303773e-05,0.048871831119,0.049787966161,-0.055633287785,0.024992263904,0.080758039186,-0.031850001908,-0.030970073025,0.032484110046,0.051065031655,0.061896230827,-0.031544163297,0.0066662347974,0.078489413508,0.08392898691,-0.0091642523905,0.38713983585,0.40822203,216,4295,980,2656,1869,2,633,3,-1,4637,7390,1023,1023,0,1,8,0,0,4m 28s,4m 21.566s,6.846s,1m 36s,61.67852719,34.841827064,122.8114753,0.24785170294,77.859802118,-8.0034250118
64,0.78,60.097122834,2.371848439,60.761919262,-0.66479642855,0.0061323594728,0.00024202535092,0.0062001958431,-6.783637026e-05,0,0,0.21527445851,1.9188406178e-05,0.050549914329,0.06366192161,-0.057461919801,0.046019747967,0.074102912126,-0.052781204633,-0.010440990516,0.029710185948,0.062434433363,0.076779456036,-0.028454018291,0.027087142541,0.076186742046,0.087156506447,-0.027041938237,0.056270013967,0.19279399584,81,4563,858,2733,1646,2,608,3,-1,3523,5578,512,512,0,1,8,0,0,4m 31s,4m 24.757s,6.955s,1m 32s,62.026964323,34.841842492,123.57545494,0.33101955096,77.878617623,-7.9918029958
65,0.79,56.446469682,-3.6506531513,63.816392566,-7.3699228835,0.0057598438451,-0.00037251562768,0.0065118767924,-0.0007520329473,0,0,0.17100819536,2.8255360422e-05,0.026564786209,0.057498717513,-0.033229084341,0.047669751688,0.088062068006,-0.054581757161,-0.030563350492,0.015213246726,0.054369928351,0.041675605982,-0.018782218728,0.024174382803,0.087488007217,0.10202140137,-0.023992373277,0.36591400124,0.50267411449,270,3788,1499,2823,1690,2,562,3,-1,7339,12004,1350,1350,0,1,8,0,0,4m 39s,4m 32.005s,7.064s,1m 28s,62.389685764,34.841828056,124.45062109,0.94298822216,78.0390719,-8.089955831
66,0.8,60.025345663,3.5788759804,59.876903346,0.14844231692,0.0061250352717,0.00036519142657,0.0061098880965,1.5147175196e-05,0,0,0.17082875961,1.6544882437e-05,0.030386706918,0.070976204408,-0.037217421849,0.024070052333,0.082458844714,-0.030734350465,-0.011482640306,0.014870401157,0.066194004884,0.055409169171,-0.018720633223,0.0099085573275,0.080164509757,0.067381674387,-0.014707704035,0.18574606958,0.43596430369,49,3956,1360,3012,1472,2,576,3,-1,2228,3777,582,582,0,1,8,0,0,4m 41s,4m 34.300s,7.175s,1m 24s,62.738118771,34.841814473,125.17809402,1.0457062929,78.033830304,-8.0632671462
67,0.81,63.819018689,3.7936730263,64.117818587,-0.29879989841,0.0065121447642,0.00038710949248,0.0065426345497,-3.0489785552e-05,0,0,0.16498435356,9.6089513073e-06,0.031377147684,0.088396356767,-0.038180970374,0.027934227962,0.095900677485,-0.034764942893,-0.007504320718,0.010849275652,0.080870140666,0.072331001815,-0.015770793991,0.0094323194987,0.091715285609,0.080912030454,-0.014615742567,0.19294040322,0.56095949912,33,4215,1284,3076,1225,2,577,3,-1,1966,3153,222,222,0,1,8,0,0,4m 43s,4m 36.181s,7.283s,1m 19s,63.086531055,34.841802945,125.90914,1.1534086574,78.02298666,-8.0210829353
68,0.82,64.501474634,0.6824559454,68.763420645,-4.2619460112,0.0065817831259,6.9638361776e-05,0.0070166755761,-0.00043489245013,0,0,0.20344161635,1.2846200939e-05,0.051896947237,0.083188904512,-0.058572992847,0.029172075952,0.11318961297,-0.035975898642,-0.030000708455,0.029549205403,0.079824891466,0.072955508416,-0.034036552947,0.0052577309827,0.10600813739,0.097528763723,-0.011798341909,0.20423842227,0.36613649397,235,4430,1048,2843,1479,2,594,3,-1,7953,12738,1083,1083,0,1,8,0,0,4m 51s,4m 43.570s,7.391s,1m 15s,63.429088537,34.834674693,126.80411819,1.2648965409,78.197862266,-9.036514359
69,0.83,67.079374921,2.5779002864,69.187368266,-2.1079933449,0.0068448341756,0.00026305104964,0.0070599355373,-0.00021510136172,0,0,0.202841811,2.1808804686e-05,0.055160727408,0.088121722659,-0.061921699823,0.049128893462,0.10783644135,-0.055804939071,-0.019714718693,0.029638888873,0.083375250892,0.078017291676,-0.033979972185,0.02367457021,0.10455684932,0.097697858933,-0.029791826569,0.4139559019,0.43666233611,144,4470,1139,2681,1510,2,616,3,-1,4971,8269,698,698,0,1,8,0,0,4m 56s,4m 48.407s,7.500s,1m 11s,63.777461183,34.834678739,127.79897663,1.5047216444,78.32063102,-8.8745460023
70,0.84,68.348453201,1.2690782802,72.00659445,-3.6581412494,0.0069743319593,0.00012949778369,0.0073476116786,-0.00037327971933,0,0,0.19794425685,1.6520806128e-05,0.063802882834,0.089002927985,-0.070439318808,0.052121032461,0.11292604652,-0.058882004875,-0.023923118538,0.036451098033,0.086854827543,0.081532703643,-0.041103878955,0.023509183355,0.10809567079,0.10271396523,-0.02957097553,0.23322657184,0.30222377288,163,4306,1214,2675,1605,2,640,3,-1,6992,11430,730,730,0,1,8,0,0,5m 2s,4m 55.033s,7.612s,1m 8s,64.132908255,34.834666819,128.51415917,1.4255490767,78.589540059,-8.8513005398
71,0.85,66.838303808,-1.5101493926,73.320147212,-6.4818434041,0.0068202350825,-0.00015409687679,0.0074816476747,-0.00066141259225,0,0,0.19786383392,1.1638213201e-05,0.041545593098,0.092508719067,-0.048070911187,0.060540753207,0.11385296659,-0.067177189181,-0.021344247527,0.019432832697,0.087689002174,0.057479173892,-0.032040926501,0.030027316055,0.11132386318,0.10593031358,-0.036507130765,0.47557700307,0.58810647711,193,3713,1763,2801,1523,2,565,3,-1,5272,8868,1160,1160,0,1,8,0,0,5m 8s,5m 0.766s,7.721s,1m 4s,64.486315241,34.848991446,129.13171403,1.4462184106,78.802717956,-8.99770369
72,0.86,64.750589802,-2.0877140058,71.996626706,-7.246036904,0.0066072030411,-0.00021303204141,0.0073465945619,-0.00073939152082,0,0,0.16206491714,1.5938118494e-05,0.044835209975,0.055799342405,-0.051534207595,0.038033302402,0.11781592587,-0.044558620492,-0.06201658346,0.034205016054,0.056914950928,0.026562966469,-0.046591164772,0.012733563345,0.11234367488,0.081812161275,-0.027455457648,0.37566053732,0.48025986248,386,2783,1931,2722,2364,2,676,3,-1,8002,12612,1901,1901,0,1,8,0,0,5m 15s,5m 7.816s,7.831s,1m 0s,64.828671475,34.841840162,130.43023789,1.387770967,79.63980492,-9.2886314948
73,0.87,65.528115803,0.7775260006,68.129878388,-2.6017625851,0.0066865424289,7.9339387817e-05,0.006952028407,-0.00026548597807,0,0,0.1640035742,9.1145609819e-06,0.038869466777,0.062734364523,-0.046050721596,0.040063891495,0.081998045193,-0.046762889115,-0.019263680671,0.030625649989,0.059199547088,0.036336618511,-0.043971321842,0.027894078386,0.082168725117,0.051275369399,-0.041925308909,0.17173165424,0.32033885656,197,2634,1868,3139,2159,2,663,3,-1,4911,7617,1176,1176,0,1,8,0,0,5m 19s,5m 11.581s,7.940s,56s,65.157472398,34.827474127,131.37631317,1.4090988464,79.677983463,-9.3579755469
74,0.88,68.420803349,2.8926875457,69.253382157,-0.83257880855,0.0069817146274,0.00029517219854,0.0070666716487,-8.4957021281e-05,0,0,0.16849269248,2.436648041e-05,0.038714348629,0.078533440791,-0.045896705041,0.034213390773,0.089160688576,-0.041394645591,-0.010627247785,0.028266283808,0.071726234673,0.049710820583,-0.043595643461,0.02516186946,0.084658194522,0.061111564739,-0.040184154513,0.099206530677,0.18903040545,67,2568,1894,3505,1833,2,627,3,-1,2761,4781,392,392,0,1,8,0,0,5m 22s,5m 13.879s,8.048s,51s,65.498594342,34.827513177,131.26365686,1.4384860238,79.716162591,-9.3494832668
75,0.89,71.314941837,2.8941384885,72.917269839,-1.6023280015,0.0072770348814,0.00029532025393,0.0074405377386,-0.00016350285729,0,0,0.21195944036,2.2188156137e-05,0.039102561326,0.088431692754,-0.046403695164,0.034434585922,0.10470779808,-0.041616942334,-0.016276105327,0.028841480072,0.07825762827,0.060584354031,-0.043525890894,0.022803056571,0.096768975699,0.074096346574,-0.040114858047,0.12086814671,0.41289970083,129,2505,1827,3665,1803,2,647,3,-1,4124,6664,583,583,0,1,8,0,0,5m 25s,5m 17.085s,8.156s,47s,65.840506836,34.820340393,131.55216935,1.5091752841,79.913007478,-9.3770470787
76,0.9,67.65996191,-3.654979927,76.292875734,-8.6329138242,0.0069040777459,-0.00037295713541,0.0077849873198,-0.0008809095739,0,0,0.19322790422,1.8546341734e-05,0.03021104276,0.073298347712,-0.037364627029,0.035057916171,0.11441812981,-0.04235905001,-0.041119782103,0.031085463133,0.063930027915,0.045957039582,-0.043366400875,0.023567591724,0.10293594645,0.084576157925,-0.040387191587,0.37938633894,0.49047809012,348,2060,1670,3987,2083,2,708,3,-1,9318,15379,1376,1376,0,1,8,0,0,5m 32s,5m 24.369s,8.263s,43s,66.167994814,34.813265818,132.63733493,1.3454350385,79.969748882,-10.077593121
77,0.91,67.495934585,-0.16402732485,71.920661455,-4.4247268692,0.0068873402638,-1.6737482128e-05,0.0073388430056,-0.00045150274176,0,0,0.19401329714,1.5017803663e-05,0.037012234901,0.072228376698,-0.044234833481,0.025907331787,0.10010694454,-0.033060916056,-0.027878567843,0.034761015819,0.062194251353,0.047927519362,-0.043532610908,0.027247933116,0.089415323498,0.070519127773,-0.041455730284,0.38660783107,0.46263273175,229,2286,1542,3653,2319,2,706,3,-1,7055,11459,1125,1125,0,1,8,0,0,5m 39s,5m 30.504s,8.371s,39s,66.481635305,34.798939019,133.6462883,1.5099549879,79.993584746,-10.243712687
78,0.92,65.401213102,-2.094721483,71.707848566,-6.3066354638,0.0066735931737,-0.0002137470901,0.0073171274047,-0.000643534231,0,0,0.20583738785,1.911941156e-05,0.040889206474,0.07316492565,-0.047882941263,0.032384578807,0.099258343715,-0.039607177387,-0.026093418066,0.038671972103,0.061888822131,0.052972934105,-0.048578234372,0.031002716898,0.087813729161,0.072654967537,-0.041735506638,0.36305242311,0.40781004778,138,2095,1497,3899,2309,2,666,3,-1,4299,7315,727,727,0,1,8,0,0,5m 43s,5m 34.657s,8.481s,34s,66.779637179,34.798987906,134.28258531,1.5622221336,80.029833117,-10.279377042
79,0.93,68.632420948,3.2312078455,69.662354801,-1.0299338532,0.00700330826,0.00032971508627,0.0071084035511,-0.00010509529115,0,0,0.21392214799,9.2534739292e-06,0.043450328215,0.082165630279,-0.050506210519,0.036221637012,0.10042367779,-0.043215371801,-0.018258047511,0.041745893526,0.067001360321,0.063324052874,-0.05276761867,0.035159610412,0.087761941516,0.077878379478,-0.046880719269,0.10243712863,0.26048957029,117,2131,1430,3997,2242,2,650,3,-1,4593,7805,425,425,0,1,8,0,0,5m 47s,5m 38.760s,8.593s,30s,67.127623873,34.798976935,135.02239266,1.7295307235,80.025757115,-10.26176715
80,0.94,69.107560556,0.47513960819,73.326536471,-4.2189759153,0.0070517918935,4.8483633489e-05,0.0074822996399,-0.00043050774646,0,0,0.17463937572,1.4461420429e-05,0.047066102008,0.077841140464,-0.054243544338,0.038949530703,0.10923528052,-0.046005413007,-0.031394140059,0.043999333305,0.06666599975,0.055860523801,-0.056451808309,0.038370088655,0.092661448358,0.087989324568,-0.051360321491,0.3361734164,0.46057551727,176,2067,1360,3916,2457,2,648,3,-1,5536,8693,769,769,0,1,8,0,0,5m 51s,5m 43.037s,8.705s,26s,67.447926066,34.784667493,135.85871252,1.9322462568,79.994603299,-10.253803705
81,0.95,68.179530691,-0.9280298648,73.606907516,-5.4273768247,0.0069570949685,-9.469692498e-05,0.0075109089302,-0.00055381396171,0,0,0.17892634986,1.4830410451e-05,0.049211417418,0.07394144376,-0.056542114771,0.042175042161,0.10545682662,-0.049352484491,-0.031515382861,0.046910444263,0.061865223698,0.052394533505,-0.058609354449,0.040673873754,0.09287018813,0.081085093389,-0.055031271424,0.47167828378,0.40858405707,185,2058,1266,3788,2688,2,632,3,-1,6035,10365,782,782,0,1,8,0,0,5m 56s,5m 47.914s,8.813s,21s,67.76039701,34.777487539,136.41261704,1.9155707961,80.009953145,-10.042368917
82,0.96,59.650702995,-8.5288276966,72.506466274,-12.855763279,0.006086806428,-0.00087028854047,0.0073986190076,-0.0013118125795,0,0,0.19937445125,1.972829601e-05,0.07220911749,0.02587890477,-0.078707876207,0.043980856211,0.10228745713,-0.051311553563,-0.076408552359,0.065926196164,0.012068764199,0.013421104395,-0.075287944844,0.043740876275,0.088925411368,0.07837031815,-0.057180117086,0.49570286965,0.58736105845,363,1483,1116,2870,4331,2,656,3,-1,7772,12526,1882,1882,0,1,8,0,0,6m 3s,5m 54.036s,8.921s,17s,68.093584687,34.78475242,137.22012554,2.1328582998,79.985995345,-9.2336532791
83,0.97,60.447888498,0.79718550292,61.663521707,-1.2156332098,0.0061681518875,8.1345459482e-05,0.0062921960926,-0.00012404420508,0,0,0.20055646199,1.6347756673e-05,0.068828309255,0.038176794736,-0.075629194107,0.065801390693,0.056107392512,-0.072300149409,-0.017930597775,0.06533505473,0.021373199819,0.026168790077,-0.074680181551,0.063423372411,0.041399085607,0.041727023453,-0.073844440635,0.16737980962,0.35328657133,100,1617,969,3238,3976,2,596,3,-1,3348,5505,1007,1007,0,1,8,0,0,6m 6s,5m 56.831s,9.029s,13s,68.441246997,34.791758434,138.06066267,2.3253780963,79.937928971,-8.9627020385
84,0.98,60.528291996,0.080403498254,63.074344033,-2.5460520372,0.0061763563261,8.2044385973e-06,0.0064361575544,-0.00025980122829,0,0,0.15629237617,8.6214456915e-06,0.071019469427,0.043886807971,-0.077471209758,0.062458191869,0.068773295178,-0.06925907672,-0.024886487207,0.066334895105,0.029051758467,0.030857619736,-0.077362073092,0.062845934367,0.051160480279,0.05474089177,-0.073387505136,0.23180706552,0.4783268621,145,1599,867,3655,3679,2,564,3,-1,6650,10926,970,970,0,1,8,0,0,6m 11s,6m 2.322s,9.138s,8.758s,68.796149946,34.798949243,139.19526104,2.5196539133,80.071905742,-8.5926734087
85,0.99,63.380293303,2.8520013074,63.447294133,-0.067000829534,0.0064673768677,0.00029102054157,0.006474213687,-6.8368193402e-06,0,0,0.18697911558,1.472812697e-05,0.06165777277,0.05503159922,-0.068557780047,0.064598564326,0.074883266693,-0.071050304656,-0.019851667473,0.060982455235,0.041259354893,0.04203920723,-0.072355322626,0.064110936195,0.05940591196,0.0599740995,-0.076424564548,0.088477907333,0.21230109448,112,1614,767,4152,3267,2,586,3,-1,3221,5696,567,567,0,1,8,0,0,6m 14s,6m 4.984s,9.245s,4.359s,69.144092704,34.806063627,140.038203,2.4662998597,80.094371302,-8.5444842115
86,1,61.753447525,-1.6268457779,66.846144952,-5.0926974267,0.0063013721965,-0.00016600467122,0.0068210351992,-0.00051966300273,0,0,0.17901028245,2.9691484655e-05,0.061137633481,0.057059774324,-0.067598534533,0.055567803148,0.086089337867,-0.062467810426,-0.029029563542,0.065044173159,0.042461101854,0.045800706872,-0.073940276784,0.058988195081,0.07169085456,0.071179724077,-0.071912684164,0.3115950659,0.41440297361,225,1480,718,4256,3346,2,622,3,-1,6195,10190,1271,1271,0,1,8,0,0,6m 19s,6m 10.156s,9.353s,0.000s,69.513566454,34.827595306,140.70383905,2.219387482,80.226765906,-8.6424036172
