load_step,load,total_energy,total_energy_change,total_init_energy,total_e_change_from_init,avg_energy,avg_energy_change,avg_init_energy,avg_e_change_from_init,min_iter_total_energy_change,min_iter_avg_energy_change,max_energy,max_force,avg_sigma11,avg_sigma12,avg_sigma22,avg_init_sigma11,avg_init_sigma12,avg_init_sigma22,avg_sigma12_change_from_init,avg_P11,avg_P12,avg_P21,avg_P22,avg_init_P11,avg_init_P12,avg_init_P21,avg_init_P22,participationFraction,m3_participationFraction,nr_elements_with_m3_change,nr_red_q1,nr_red_q2,nr_red_q3,nr_red_q4,max_m3_nr,sum_m3,max_positive_plastic_jump,max_negative_plastic_jump,nr_iterations,nr_func_evals,nr_edge_flips,nr_total_edge_flips,max_Ftotal_reconnect_error,edge_flip_chosen_minus_other_energy,edge_flip_always_chose_lower_energy,LBFGS_Term_reason,CG_Term_reason,FIRE_Term_reason,run_time,minimization_time,write_time,est_time_remaining,cmX,cmY,maxX,minX,maxY,minY
1,0.15,37.406491582,0,573.11097436,-535.70448278,0.0038169889369,0,0.05848071167,-0.054663722733,0,0,0.13824533576,2.5413224362e-06,-0.020481749096,0.010124068058,0.016342736211,-0.060948460304,0.21507350448,-0.087513324261,-0.20494943642,-0.017850949583,0.010018837639,0.0065363322841,0.020808867019,-0.030882486582,0.19362088715,0.19657532027,-0.019073759494,0.46166740135,0.46231265899,806,3609,2977,1671,1543,1,806,3,0,8328,13515,3280,3280,4.8697935772e-16,0,1,2,0,0,8.620s,8.619s,0.000s,0.000s,40.244868499,34.963244695,80.132523047,-0.36747695259,70.769479422,-0.76949994487
2,0.16,35.392875361,-2.013616221,39.048854192,-3.6559788317,0.0036115178939,-0.00020547104296,0.0039845769584,-0.00037305906446,0,0,0.14225791648,2.544490159e-05,-0.024267257721,0.0094611441989,0.02023189707,-0.014510527379,0.056550968972,0.010371514493,-0.047089824774,-0.021762542882,0.0086045629528,0.0068575531104,0.02418453149,-0.017618307062,0.056580554586,0.053579851145,0.01792437877,0.27198618251,0.36217425314,206,3660,3167,1566,1407,1,725,3,-1,3256,5523,1997,1997,5.0398356424e-16,0,1,8,0,0,12s,12.198s,0.139s,0.000s,40.601603842,34.963280658,80.87061435,-0.32938564977,70.668757444,-0.69900399434
3,0.17,33.530906488,-1.8619688727,37.030605251,-3.4996987626,0.0034215210702,-0.00018999682374,0.0037786331888,-0.00035711211863,0,0,0.14396769289,9.9188819115e-06,-0.027087965627,0.0037632668889,0.023258106372,-0.01758762616,0.056859280978,0.013552265509,-0.053096014089,-0.024787563842,0.0023277305424,0.0014228441526,0.026850754998,-0.020974781859,0.056123548075,0.054973302796,0.021016138913,0.49244872134,0.54979398455,266,3237,3961,1497,1105,1,689,3,-1,3640,6159,1736,1736,7.7150788259e-16,0,1,8,0,0,15s,15.711s,0.259s,5m 1s,40.952488405,34.970418937,81.813046617,-0.086953382664,70.646176494,-0.74822786774
4,0.18,31.987860939,-1.5430455487,34.903126912,-2.9152659729,0.0032640674428,-0.00015745362742,0.0035615435625,-0.00029747611969,0,0,0.14225298821,1.4710544063e-05,-0.02851841328,0.012512201671,0.024956152275,-0.019696682378,0.051820551969,0.015866823123,-0.039308350298,-0.028046270228,0.0099449763274,0.0098559356546,0.029573327999,-0.023647907654,0.050530729691,0.050253862347,0.02340242601,0.37649841991,0.45872609513,148,3790,3446,1464,1100,1,604,3,-1,5277,8700,1602,1602,6.9852551485e-16,0,1,8,0,0,20s,20.508s,0.377s,5m 50s,41.295022965,34.970412876,82.591554656,-0.0084453440765,70.587327062,-0.71168020876
5,0.19,30.157344251,-1.8305166881,33.775065047,-3.6177207961,0.0030772800256,-0.00018678741715,0.0034464352089,-0.00036915518328,0,0,0.16222099947,1.0641606681e-05,-0.032514616993,0.010060500137,0.029140391112,-0.020778964467,0.060029616842,0.017216703461,-0.049969116705,-0.032004179182,0.0063358467635,0.0065310555838,0.032935019359,-0.026926090864,0.057581103277,0.058233060113,0.026199317129,0.46440035876,0.60514682622,185,3941,3592,1152,1115,1,580,3,-1,5492,9401,1916,1916,5.0308704208e-16,0,1,8,0,0,27s,27.020s,0.496s,6m 50s,41.642028069,34.956114405,83.348094051,0.048094050617,70.76041206,-1.1402827898
6,0.2,30.613550574,0.45620632265,31.843245132,-1.2296945586,0.0031238316912,4.6551665577e-05,0.0032493107278,-0.00012547903659,0,0,0.16070522338,3.4581955666e-05,-0.032848517855,0.022337593938,0.029521070327,-0.023719845445,0.058233846242,0.020345619564,-0.035896252303,-0.034381751513,0.0180388431,0.018570343607,0.035046443247,-0.03045839132,0.054746685442,0.055740241464,0.029197932408,0.32237315387,0.63422036109,172,4957,3113,914,816,1,577,3,-1,3815,6923,1661,1661,5.8209760241e-16,0,1,8,0,0,32s,31.774s,0.629s,6m 41s,41.991592585,34.956104888,83.935859296,-0.064140703785,70.729153558,-1.1982521875
7,0.21,31.498688595,0.88513802124,32.880139794,-1.3814511987,0.0032141518975,9.0320206249e-05,0.0033551163055,-0.00014096440803,0,0,0.14912411941,9.9753985279e-06,-0.037340730525,0.0275960043,0.033893483582,-0.023871638016,0.069624690442,0.020544190488,-0.042028686141,-0.039380338872,0.022754410785,0.022815550246,0.039018275426,-0.032908500721,0.065519198128,0.066967277177,0.031658345978,0.37571850682,0.61278063033,98,5222,3060,883,635,1,532,3,-1,3348,5815,1054,1054,4.6962024444e-16,0,1,8,0,0,36s,35.526s,0.756s,6m 18s,42.34116256,34.956104214,84.581138644,-0.11886135589,70.709728206,-1.1708942226
8,0.22,33.080678228,1.5819896326,34.02356207,-0.94288384221,0.003375579411,0.00016142751353,0.0034717920479,-9.621263696e-05,0,0,0.1611778009,1.8754048747e-05,-0.038616366314,0.039291597775,0.035133796983,-0.0280801398,0.074807566595,0.024632892857,-0.035515968819,-0.043791213215,0.034233862923,0.034216902135,0.042145242112,-0.037972819152,0.070133720803,0.07120602223,0.035490456038,0.36434061574,0.61761828631,90,6007,2343,844,606,1,484,3,-1,2647,4524,796,796,5.4460435966e-16,0,1,8,0,0,39s,38.217s,0.874s,5m 48s,42.690699744,34.956113346,85.30074593,-0.099254069704,70.70905721,-1.1670256422
9,0.23,31.892875596,-1.1878026319,36.155755381,-4.2628797856,0.0032543750608,-0.0001212043502,0.003689362794,-0.00043498773322,0,0,0.16103116533,9.6275692261e-06,-0.048949739329,0.019171263489,0.045506535134,-0.029314904662,0.085474608574,0.025832335331,-0.066303345085,-0.049883211388,0.012738011805,0.011503597313,0.049464326554,-0.042563016642,0.080550107416,0.081645353861,0.038698991838,0.4304506785,0.43851693116,290,4378,4299,553,570,1,594,3,-1,2616,4612,1674,1674,4.8049929746e-16,0,1,8,0,0,41s,40.794s,0.993s,5m 24s,43.040282087,34.956103509,86.107690461,0.00769046059,70.939308512,-1.2809487215
10,0.24,32.300351763,0.40747616701,34.022130461,-1.7217786981,0.0032959542615,4.1579200715e-05,0.0034716459654,-0.00017569170389,0,0,0.17612231883,2.5335880184e-05,-0.055215521121,0.020968468921,0.051878584586,-0.038717176213,0.067153486683,0.035273972018,-0.046185017762,-0.056134414214,0.01297870105,0.011882344943,0.055415331868,-0.048206629568,0.060882959131,0.060868409173,0.045613297837,0.3291219053,0.40298955252,122,4343,4430,463,564,1,587,3,-1,2906,4720,1039,1039,5.1409006348e-16,0,1,8,0,0,44s,43.606s,1.111s,5m 7s,43.38983991,34.956136462,86.74885885,-0.051141149627,70.945727255,-1.2706908954
11,0.25,33.231624314,0.93127255117,34.514148012,-1.2825236986,0.0033909820728,9.5027811344e-05,0.003521851838,-0.00013086976517,0,0,0.17528118916,1.5497390686e-05,-0.055451144574,0.035168214743,0.052199750716,-0.044894514974,0.068834760529,0.041557578439,-0.033666545786,-0.058728933582,0.026921309059,0.025826722767,0.057845205824,-0.054656439133,0.060947945021,0.0611617695,0.051708805915,0.30399619603,0.43644092163,108,5656,3135,451,558,1,556,3,-1,2273,3963,1219,1219,6.3192490473e-16,0,1,8,0,0,47s,45.876s,1.232s,4m 49s,43.737622262,34.948955341,87.26275203,-0.077066683382,71.007514335,-1.30521678
12,0.26,31.347459953,-1.8841643604,36.125509767,-4.778049814,0.0031987204034,-0.00019226166943,0.0036862765069,-0.00048755610347,0,0,0.19137079212,9.431414031e-06,-0.057007973632,0.037614752798,0.053940753505,-0.045124101685,0.082137983284,0.041872707827,-0.044523230486,-0.061191250538,0.027685456467,0.027429623758,0.059585602716,-0.057522620675,0.073957579334,0.074276131609,0.0542239756,0.3402361587,0.58860765732,209,5768,3230,500,302,1,487,3,-1,4147,6908,1810,1810,6.8917329974e-16,0,1,8,0,0,51s,49.865s,1.349s,4m 47s,44.087081992,34.948957398,87.980033222,-0.069071128818,70.908456493,-1.3289744195
13,0.27,31.205635653,-0.14182430029,34.361755377,-3.1561197242,0.003184248536,-1.4471867377e-05,0.0035063015691,-0.00032205303308,0,0,0.16661072593,1.3219976903e-05,-0.065219173995,0.034923198133,0.062375194849,-0.046566796665,0.084604994453,0.043499576538,-0.04968179632,-0.069365889527,0.02395509023,0.022549279004,0.067179687578,-0.059801576157,0.074695104771,0.075945091919,0.056133014196,0.33058348305,0.4959913183,164,5640,3432,362,366,1,488,3,-1,2966,5183,1895,1895,6.1454786309e-16,0,1,8,0,0,54s,52.837s,1.464s,4m 38s,44.441826841,34.941818657,88.552146716,-0.19961555421,70.84550503,-1.2307136817
14,0.28,32.420669521,1.215033868,34.103281982,-1.6826124611,0.0033082315838,0.00012398304775,0.0034799267329,-0.0001716951491,0,0,0.17503484554,1.6410215642e-05,-0.068827212835,0.035998361356,0.06597399632,-0.054154295318,0.082671652349,0.051310316172,-0.046673290993,-0.073803247228,0.024438067876,0.023194336331,0.070869101808,-0.067797711109,0.071721896614,0.071962792645,0.063599218237,0.33747479681,0.46200004593,158,5878,3325,292,305,1,469,3,-1,2473,3970,1820,1820,8.5803648328e-16,0,1,8,0,0,56s,55.194s,1.581s,4m 26s,44.791236584,34.941793979,89.150144087,-0.28816113567,71.191699536,-1.2364686991
15,0.29,33.8793798,1.4587102788,35.366461203,-1.487081403,0.0034570795714,0.00014884798763,0.0036088225717,-0.00015174300031,0,0,0.17623706828,9.6062031745e-06,-0.069157515612,0.05228363969,0.066278470004,-0.057391328528,0.08351628185,0.054538112013,-0.03123264216,-0.077903656523,0.038805752659,0.039051556982,0.073893762637,-0.072050486399,0.071976342055,0.072480931615,0.067118531497,0.279383855,0.41546867379,92,6554,2917,167,162,1,430,3,-1,2054,3475,975,975,1.2637420604e-15,0,1,8,0,0,59s,57.312s,1.699s,4m 15s,45.140647973,34.941818203,89.744384316,-0.384440235,71.22927454,-1.3172042212
16,0.3,32.783233522,-1.0961462783,37.59589111,-4.8126575888,0.0033452279104,-0.00011185166105,0.0038363154194,-0.00049108750906,0,0,0.17470925408,1.3110759633e-05,-0.081645762787,0.037283380006,0.078982166586,-0.057855987451,0.098657992136,0.054976941843,-0.061374612129,-0.087476433107,0.021938145943,0.021740711698,0.08310526813,-0.076523089105,0.085151109107,0.087264245201,0.070318230784,0.53674141854,0.45125443186,127,5327,4106,168,199,1,463,3,-1,3456,5982,1255,1255,9.045519836e-16,0,1,8,0,0,1m 2s,1m 0.681s,1.818s,4m 10s,45.490046429,34.941819649,90.297803715,-0.53437495622,71.38886922,-1.2738888008
17,0.31,33.599891477,0.81665795515,35.800921355,-2.2010298778,0.0034285603548,8.3332444403e-05,0.0036531552403,-0.00022459488549,0,0,0.17513019214,1.9711197124e-05,-0.075931166415,0.065824157287,0.073424181731,-0.069361402919,0.085182340554,0.066697806718,-0.019358183267,-0.088276340476,0.049492361002,0.050756747088,0.082551500835,-0.085746231786,0.069852203213,0.071674248898,0.079104931138,0.072168322816,0.3286813498,90,7429,2113,162,96,1,340,3,-1,4914,8196,1649,1649,9.5881515588e-16,0,1,8,0,0,1m 7s,1m 5.681s,1.940s,4m 14s,45.834523258,34.948993368,91.110126808,-0.40201422506,71.436097953,-1.4016417054
18,0.32,26.34357208,-7.2563193971,37.962302028,-11.618729949,0.0026881196,-0.00074044075481,0.0038737042886,-0.0011855846886,0,0,0.13232914841,5.8961437036e-05,-0.083167225243,0.05057673068,0.081629621154,-0.063967988554,0.11143006119,0.06146100387,-0.060853330507,-0.09236633401,0.032699059724,0.034802005222,0.088355832536,-0.086825890118,0.095062463113,0.098480606502,0.078970974996,0.28748930342,0.44123332042,240,7031,2594,98,77,1,356,3,-1,3854,6399,2474,2474,9.6699023113e-16,0,1,8,0,0,1m 11s,1m 9.455s,2.056s,4m 11s,46.184060299,34.949026891,92.092481743,-0.45642046979,71.572394687,-1.5944063827
19,0.33,27.121714558,0.77814247884,30.016010633,-2.8942960747,0.0027675218937,7.9402293759e-05,0.0030628582279,-0.00029533633415,0,0,0.21671647673,1.2281554097e-05,-0.081044611375,0.068300812075,0.079295252224,-0.070150761623,0.098580414623,0.068613157533,-0.030279602549,-0.094738601542,0.050723472825,0.052812668723,0.08934310325,-0.089713663518,0.080745273347,0.08508139709,0.084565240105,0.18520159016,0.47117294127,86,7911,1778,53,58,1,275,3,-1,2843,4535,1721,1721,7.7356201058e-16,0,1,8,0,0,1m 14s,1m 12.058s,2.175s,4m 4s,46.540643237,34.948974235,92.40316844,-0.48244265096,71.508324759,-1.6169768367
20,0.34,29.462313031,2.340598473,31.619207112,-2.1568940803,0.0030063584726,0.00023883657888,0.0032264497053,-0.00022009123268,0,0,0.22718728957,1.5934216601e-05,-0.094185202621,0.055176588746,0.092396321214,-0.068366356842,0.11461685541,0.066616997691,-0.059440266661,-0.10538805774,0.035617493656,0.036457189476,0.099174997598,-0.092400861166,0.09699267343,0.10142660809,0.085713082182,0.48349316952,0.60791660935,91,6782,2917,53,48,1,348,3,-1,1710,2974,1115,1115,8.1174812892e-16,0,1,8,0,0,1m 16s,1m 13.770s,2.292s,3m 53s,46.890128869,34.948964635,93.110705593,-0.48808971426,71.524390346,-1.6098477766
21,0.35,31.811003405,2.3486903733,33.360762029,-1.5497586246,0.0032460207556,0.00023966228299,0.0034041593908,-0.00015813863516,0,0,0.20817685139,2.0019673578e-05,-0.10432460227,0.048451166786,0.10252009956,-0.081043034738,0.10331332912,0.079254153331,-0.054862162333,-0.11470634483,0.027170047212,0.027244041615,0.10729923262,-0.10309884113,0.083625475728,0.086987616265,0.095420446801,0.41738545503,0.34977074146,140,5601,4059,67,73,1,384,3,-1,2465,4273,1585,1585,8.0705937127e-16,0,1,8,0,0,1m 18s,1m 16.179s,2.413s,3m 46s,47.237133936,34.941830019,93.899165432,-0.39247752978,71.507146915,-1.5607972914
22,0.36,32.989694764,1.1786913593,35.402023525,-2.412328761,0.0033662953841,0.0001202746285,0.0036124513801,-0.00024615599602,0,0,0.19474960451,1.0834118982e-05,-0.12289167804,0.019692668993,0.12121772027,-0.090945516965,0.097570865803,0.089141014258,-0.07787819681,-0.12772070205,-0.0035959943466,-0.0068945961142,0.11951840693,-0.11250578242,0.076083511136,0.078832602588,0.1035147345,0.48878183801,0.48188786681,157,1967,7702,64,67,1,477,3,-1,2349,3829,1983,1983,7.7514931232e-16,0,1,8,0,0,1m 20s,1m 18.334s,2.532s,3m 39s,47.586540834,34.941819292,94.86768221,-0.1176345793,71.396497497,-1.5782471079
23,0.37,34.858188936,1.8684941722,35.196098423,-0.33790948627,0.0035569580547,0.00019066267063,0.0035914386145,-3.4480559824e-05,0,0,0.19499606265,7.6865977834e-06,-0.1147126901,0.057832421382,0.11305877294,-0.10950074775,0.070386637055,0.10782678998,-0.012554215674,-0.12770427162,0.033964385299,0.033886000457,0.11864758497,-0.12605705513,0.046767266335,0.046226244534,0.11596849436,0.085943444141,0.41720587735,43,5888,3791,62,59,1,343,3,-1,1824,2854,2259,2259,8.4212777814e-16,0,1,8,0,0,1m 22s,1m 20.186s,2.649s,3m 31s,47.926172614,34.934695719,95.709963145,0.023347157823,71.488427394,-1.5822266727
24,0.38,33.337234589,-1.5209543476,38.914435245,-5.5772006563,0.0034017586315,-0.00015519942322,0.0039708607393,-0.00056910210779,0,0,0.20045368458,9.9094625683e-06,-0.13226877107,0.029638126552,0.13110203409,-0.10122414581,0.10698208535,0.099570228653,-0.077343958795,-0.14000666937,0.0040501171646,0.0026505480902,0.12991296836,-0.12574159379,0.082737312808,0.085648096152,0.11476100323,0.43042511019,0.40402440495,191,1870,7847,40,43,1,322,3,-1,2953,4801,3738,3738,9.5645315072e-16,0,1,8,0,0,1m 26s,1m 23.191s,2.766s,3m 27s,48.275533183,34.934629225,96.434000493,0.031202411771,71.558089011,-1.5923463403
25,0.39,36.072222552,2.7349879629,36.058274991,0.013947560756,0.0036808390359,0.00027908040437,0.0036794158154,1.4232204853e-06,0,0,0.19449412012,9.2329632419e-06,-0.12024666131,0.076816483315,0.119082949,-0.1183469202,0.081276752802,0.11718018322,-0.0044602694864,-0.13776650541,0.050509700131,0.053921481344,0.12696682529,-0.13757833093,0.05521314538,0.05691348234,0.12601749183,0.010233877593,0.5212136552,26,8292,1428,32,48,1,132,3,-1,1334,2241,2828,2828,9.3807469402e-16,0,1,8,0,0,1m 27s,1m 24.550s,2.882s,3m 19s,48.622105908,34.927550444,97.121947107,0.028729517372,71.574543719,-1.7896528781
26,0.4,39.678419459,3.6061969071,41.039908289,-1.3614888308,0.0040488183121,0.00036797927623,0.0041877457438,-0.00013892743171,0,0,0.2049912677,1.3885876498e-05,-0.13146378602,0.068327531218,0.13023730431,-0.10683776272,0.12496585456,0.10567405041,-0.056638323341,-0.14798843479,0.040351011804,0.041520388512,0.13589313914,-0.13529781411,0.098137610095,0.1047282668,0.12304955591,0.44586264521,0.71530337224,115,5371,4379,18,32,1,233,3,-1,2256,3996,1888,1888,8.4646745965e-16,0,1,8,0,0,1m 29s,1m 26.860s,2.998s,3m 13s,48.971378609,34.927526732,97.909813551,0.12724369721,71.732052767,-2.2831401927
27,0.41,43.021725965,3.3433065064,44.221415022,-1.1996890566,0.0043899720372,0.00034115372514,0.0045123892879,-0.00012241725067,0,0,0.19386628196,9.6258471204e-06,-0.13615426766,0.075567170853,0.13494377063,-0.11738658381,0.11663274615,0.11616010211,-0.041065575294,-0.15518718465,0.045069822556,0.046644071903,0.14151791556,-0.14527281297,0.088184167495,0.092653083045,0.13142000105,0.3499864117,0.89022815357,72,5613,4130,21,36,1,237,3,-1,2251,4131,1357,1357,7.3947184895e-16,0,1,8,0,0,1m 32s,1m 29.235s,3.116s,3m 8s,49.320660628,34.927528277,98.745104584,0.27079303347,71.78655222,-2.1571395915
28,0.42,46.225021897,3.2032959321,47.915975823,-1.6909539258,0.0047168389691,0.00032686693184,0.0048893852881,-0.00017254631896,0,0,0.20494337261,9.8612138746e-06,-0.13174837715,0.099419256702,0.13059241421,-0.12160233483,0.12346265323,0.1203918378,-0.024043396524,-0.15710740346,0.066384869498,0.070004050172,0.1425426806,-0.15245397167,0.09251324731,0.097565392038,0.13688296389,0.14339961735,0.3902956437,59,7299,2459,19,23,1,204,3,-1,1930,3140,1460,1460,7.3268838603e-16,0,1,8,0,0,1m 34s,1m 31.663s,3.234s,3m 4s,49.666921413,34.920360012,99.404429652,0.24595599327,71.786360475,-2.0431040572
29,0.43,48.616741761,2.3917198639,52.230508583,-3.6137668216,0.0049608920164,0.00024405304734,0.0053296437329,-0.00036875171649,0,0,0.24345302552,1.1719486809e-05,-0.14821093001,0.084044613194,0.14707082212,-0.11751991247,0.14499080769,0.11636394952,-0.060946194497,-0.17101663376,0.046695587009,0.049423959133,0.15471878871,-0.15491413469,0.11150665307,0.11865904808,0.13822781147,0.48498936604,0.4318495043,76,6526,3224,27,23,1,210,3,-1,2448,4031,1540,1540,8.1414331052e-16,0,1,8,0,0,1m 37s,1m 34.511s,3.361s,3m 0s,50.019192637,34.927514038,100.00761027,0.15858958511,72.192407583,-2.3062833677
30,0.44,51.881362672,3.2646209109,53.923786989,-2.0424243174,0.0052940165992,0.00033312458274,0.0055024272438,-0.00020841064464,0,0,0.25068886289,1.2999273932e-05,-0.13357520276,0.12629157305,0.13263091094,-0.13244186379,0.1317993541,0.13130175589,-0.0055077810481,-0.16791250178,0.087439513943,0.095595066819,0.15067735563,-0.16809110955,0.094120803029,0.10068885205,0.14988733336,0.013560900702,0.32821374178,15,9161,602,22,15,1,99,3,-1,2502,4097,1544,1544,8.2526080075e-16,0,1,8,0,0,1m 40s,1m 36.977s,3.477s,2m 56s,50.372457921,34.920382062,100.67734778,0.1382667635,72.195413622,-2.2994823999
31,0.45,55.182113116,3.3007504444,59.156443669,-3.9743305525,0.005630827869,0.00033681126983,0.0060363718029,-0.00040554393393,0,0,0.2393746142,1.4442231242e-05,-0.16069756832,0.092700990693,0.15974054096,-0.1192107815,0.16974469423,0.11826648968,-0.077043703541,-0.18757691991,0.050256514454,0.053374119813,0.16835806435,-0.16609453747,0.13044362301,0.14236738274,0.14673475238,0.50148419188,0.67632161107,129,5307,4474,10,9,1,196,3,-1,2156,3505,1978,1978,9.1672563879e-16,0,1,8,0,0,1m 42s,1m 38.987s,3.593s,2m 51s,50.721661493,34.920365635,101.08439883,-0.16747500225,72.218656836,-2.3806578495
32,0.46,59.444946483,4.262833367,60.904027079,-1.4590805959,0.0060658108656,0.00043498299663,0.0062146966407,-0.00014888577509,0,0,0.23168542074,2.6399533316e-05,-0.16723484418,0.0979984948,0.16626283538,-0.14452473613,0.1400767293,0.14356770876,-0.0420782345,-0.19661464885,0.05254391935,0.055195206549,0.17574725748,-0.18491153916,0.097281960045,0.1044890439,0.16374006428,0.32901840672,0.8644737589,80,5327,4453,11,9,1,222,3,-1,2518,4755,2830,2830,9.3481157698e-16,0,1,8,0,0,1m 45s,1m 41.805s,3.710s,2m 47s,51.070883014,34.92038108,101.70506248,-0.22649092203,72.008955089,-2.4121665037
33,0.47,64.135444365,4.6904978814,65.4006365,-1.2651921354,0.0065444330984,0.00047862223279,0.0066735343367,-0.0001291012383,0,0,0.22650180997,2.1291425226e-05,-0.17287409386,0.10679428804,0.17192861715,-0.15089207765,0.14458526643,0.14992006885,-0.037790978385,-0.2055600461,0.058135413629,0.061535816496,0.1826476791,-0.19406332314,0.098773590663,0.1056429558,0.1709977678,0.36674930061,0.89569721946,81,5575,4203,12,10,1,227,3,-1,2443,4381,1951,1951,8.3479739061e-16,0,1,8,0,0,1m 48s,1m 44.230s,3.825s,2m 43s,51.423429711,34.927517203,102.40916622,-0.18523165525,71.944088016,-2.2135529713
34,0.48,67.340100864,3.2046564993,70.530100799,-3.1899999347,0.0068714388637,0.00032700576523,0.0071969490611,-0.00032551019742,0,0,0.10010345029,2.5823576461e-05,-0.19722580506,0.082011149615,0.19648973115,-0.15629786913,0.15344573129,0.15535239242,-0.071434581677,-0.22374052973,0.029327792889,0.029840111723,0.19871265183,-0.20321257112,0.1043514914,0.11221470051,0.17795290961,0.55650524923,0.63326821033,173,1679,8107,9,5,1,254,3,-1,3708,6656,3587,3587,1.0230280748e-15,0,1,8,0,0,1m 52s,1m 48.301s,3.941s,2m 42s,51.76928233,34.920398949,103.68373451,0.35485156497,71.961899604,-2.2854663927
35,0.49,72.325583358,4.9854824938,72.553677368,-0.22809401036,0.0073801615671,0.00050872270345,0.0074034364661,-2.3274899016e-05,0,0,0.096032153833,8.1298149347e-06,-0.18507705042,0.12205831249,0.18434005262,-0.18030035748,0.13060756129,0.17956428357,-0.0085492487945,-0.22296995551,0.068246663067,0.074394387748,0.19674526253,-0.22128087911,0.077357260014,0.082483654093,0.19423936094,0.13139877039,0.68690083075,15,7373,2414,8,5,1,161,3,-1,2080,3580,2409,2409,9.7344072439e-16,0,1,8,0,0,1m 54s,1m 50.432s,4.058s,2m 37s,52.118491098,34.920392751,104.36935154,0.34741461757,71.951339863,-2.281824379
36,0.5,78.523223364,6.1976400065,79.466279494,-0.94305612948,0.0080125738127,0.00063241224557,0.00810880403,-9.6230217294e-05,0,0,0.10007507114,1.4926617903e-05,-0.1836558464,0.1428785855,0.18290912128,-0.16847556663,0.16848214278,0.16773856883,-0.025603557282,-0.228899526,0.086127571537,0.094375015797,0.20024720287,-0.22061833414,0.11401287941,0.1249511866,0.19213406021,0.23906475715,0.85241810678,55,7314,2473,5,8,1,148,3,-1,2370,3790,1619,1619,7.5984331346e-16,0,1,8,0,0,1m 56s,1m 52.625s,4.176s,2m 33s,52.460554753,34.920394345,105.1322922,0.41786586703,71.860386352,-2.256725246
37,0.51,83.048907332,4.5256839674,86.625270693,-3.5763633616,0.0084743782991,0.00046180448647,0.008839313336,-0.0003649350369,0,0,0.13697176647,9.3543165218e-06,-0.20268108138,0.130822117,0.20207148676,-0.16763213141,0.1871449834,0.1668854063,-0.056322866403,-0.24669164126,0.06799477677,0.074540840484,0.21510633637,-0.2270887956,0.12965798064,0.14274581784,0.19586996733,0.43649182701,0.57622080326,86,6453,3332,8,7,1,150,3,-1,1953,3108,2202,2202,6.9845747977e-16,0,1,8,0,0,1m 58s,1m 54.525s,4.301s,2m 29s,52.809782189,34.920382245,105.69480285,0.29239623694,71.572957423,-2.2548013913
38,0.52,90.08522324,7.036315908,90.616035943,-0.5308127038,0.0091923697183,0.00071799141918,0.0092465342799,-5.4164561613e-05,0,0,0.092084323037,1.592786399e-05,-0.18965243118,0.17068131176,0.18918928922,-0.18493601675,0.17724282258,0.18432642213,-0.0065615108236,-0.24680977772,0.1049977194,0.11762926971,0.21338197354,-0.2440812033,0.11380701344,0.12562641756,0.21021411979,0.062470034044,0.30332488532,30,9120,664,8,8,1,91,3,-1,1936,3029,1787,1787,1.0387399186e-15,0,1,8,0,0,2m 0s,1m 56.421s,4.418s,2m 24s,53.158962187,34.920405654,106.38007966,0.29076966734,71.569949246,-2.2579071738
39,0.53,97.048081303,6.9628580639,99.51119491,-2.4631136064,0.0099028654391,0.0007104957208,0.010154203562,-0.0002513381231,0,0,0.10417372499,1.2304405792e-05,-0.22557951013,0.13470368346,0.22508784156,-0.17355019494,0.21319613058,0.17308705297,-0.078492447119,-0.27420679303,0.063125813165,0.067190906835,0.23578092812,-0.24546938192,0.14668075216,0.16448919594,0.20931916111,0.42271007704,0.5896632634,159,2270,7519,6,5,1,236,3,-1,1678,3008,3407,3407,8.2611634675e-16,0,1,8,0,0,2m 2s,1m 58.226s,4.535s,2m 20s,53.508162861,34.920392164,107.09616924,0.3064045556,71.437731498,-2.2625397989
40,0.54,104.50405527,7.4559739708,104.7861636,-0.2821083241,0.01066367911,0.00076081367049,0.010692465673,-2.8786563684e-05,0,0,0.094924709761,2.6989553708e-05,-0.21490009201,0.16947392891,0.2144102506,-0.20700743564,0.18076836392,0.20651576707,-0.011294435008,-0.27604619867,0.092058379948,0.10410301595,0.23613878411,-0.27157741238,0.10861121464,0.11829199364,0.23045720373,0.12967264954,0.74114741171,22,7825,1965,3,7,1,101,3,-1,1985,3457,3121,3121,9.5905618467e-16,0,1,8,0,0,2m 5s,2m 0.303s,4.651s,2m 16s,53.865082804,34.934671835,107.75444587,0.27100277076,71.435093426,-2.2369402753
41,0.55,112.78325966,8.2792043901,113.90008735,-1.1168276817,0.011508495884,0.0008448167745,0.011622457892,-0.00011396200834,0,0,0.1022954568,8.6930383598e-06,-0.24182746622,0.15151449526,0.2413154867,-0.1970750184,0.21326392583,0.19658517699,-0.061749430573,-0.29939577255,0.067971798434,0.07428565147,0.2546275541,-0.27425106004,0.13515914049,0.15292520082,0.23175166121,0.45867741621,0.83865565824,126,2225,7563,4,8,1,209,3,-1,2731,4385,3208,3208,9.7732225929e-16,0,1,8,0,0,2m 7s,2m 3.041s,4.766s,2m 13s,54.214425612,34.934677716,108.56604855,0.39834478138,71.491897026,-1.9595478632
42,0.56,120.82044258,8.0371829136,121.29936535,-0.47892276852,0.01232861659,0.00082012070547,0.01237748626,-4.8869670257e-05,0,0,0.090291572361,9.5849044887e-06,-0.23589608908,0.17927979882,0.23540292725,-0.22322549945,0.1960640643,0.22271351993,-0.016784265485,-0.30454018303,0.091374438716,0.10247325885,0.25714321807,-0.29733024044,0.11189337981,0.12406271314,0.24983734459,0.19102473357,0.77430721369,38,4973,4816,4,7,1,167,3,-1,1906,3006,2086,2086,7.9790891992e-16,0,1,8,0,0,2m 10s,2m 5.073s,4.883s,2m 9s,54.5637739,34.934677552,109.20668097,0.33956060879,71.582781857,-2.0100574211
43,0.57,130.32670436,9.5062617813,130.69618577,-0.369481406,0.013298643302,0.00097002671238,0.013336345486,-3.7702184285e-05,0,0,0.10079392422,2.6007983896e-05,-0.24191218687,0.1912687119,0.24137935924,-0.21705568821,0.22315630817,0.21656252637,-0.031887596272,-0.31681519793,0.097579382456,0.11013171459,0.26608238454,-0.30273835846,0.13458379041,0.15189443022,0.25239945621,0.33891880888,0.92868591323,67,5753,4034,4,9,1,176,3,-1,3618,6526,2625,2625,9.4081346175e-16,0,1,8,0,0,2m 13s,2m 8.702s,4.998s,2m 7s,54.909054316,34.927536364,110.06103382,0.53960297647,71.456058582,-2.2978099715
44,0.58,138.73647285,8.4097684935,140.74380542,-2.0073325629,0.014156782944,0.00085813964219,0.014361612798,-0.00020482985336,0,0,0.099965287758,9.9826026221e-06,-0.26842055534,0.17827431262,0.26798641657,-0.22378968352,0.23357560168,0.22325685589,-0.055301289058,-0.34125780918,0.078188215494,0.084621902368,0.28445417997,-0.31574461851,0.13907042348,0.15780876047,0.26186080414,0.42719901509,0.77785607873,115,329,9456,4,11,1,287,3,-1,2388,4243,2725,2725,7.8159025423e-16,0,1,8,0,0,2m 16s,2m 11.256s,5.114s,2m 4s,55.258327761,34.927528434,110.64912146,0.41734296116,71.756601205,-2.4985900155
45,0.59,148.50119604,9.7647231886,148.54162557,-0.040429530946,0.01515318327,0.00099640032537,0.015157308732,-4.1254623415e-06,0,0,0.091401116069,9.0880887986e-06,-0.2503762528,0.22024882744,0.24993496537,-0.24884766214,0.22214188154,0.24841352338,-0.0018930541012,-0.34044995032,0.11248354917,0.1318452686,0.28274789967,-0.33958513999,0.12136023479,0.1343637524,0.2794017153,0.013522923405,0.62584170383,12,8038,1747,3,12,1,101,3,-1,2605,4397,4012,4012,9.8853585219e-16,0,1,8,0,0,2m 19s,2m 13.843s,5.231s,2m 0s,55.600465034,34.927537268,111.3437581,0.42206290776,71.902023407,-2.5019476951
46,0.6,160.29531335,11.794117305,160.34817747,-0.052864119903,0.016356664627,0.0012034813577,0.016362058925,-5.3942979493e-06,0,0,0.098404886559,1.7705271282e-05,-0.23273566425,0.26071774154,0.23229518771,-0.23119050437,0.26261316732,0.23074921694,-0.0018954257886,-0.34034391556,0.15021399765,0.17773153379,0.27993778287,-0.33947182355,0.15401146566,0.18027901872,0.27863396111,0.012800974353,0.6629704084,15,9529,255,3,13,1,58,3,-1,2044,3583,772,772,9.0013495777e-16,0,1,8,0,0,2m 21s,2m 15.973s,5.349s,1m 57s,55.949732922,34.927529359,112.03699355,0.42521903895,71.900566703,-2.5079101699
47,0.61,173.98930941,13.693996066,174.03849256,-0.049183147078,0.017754011165,0.0013973465373,0.017759029853,-5.0186884774e-06,0,0,0.10792812255,1.9986457008e-05,-0.21768770924,0.29726433987,0.21726513749,-0.21577515525,0.29956915067,0.2153346787,-0.0023048107993,-0.34215574017,0.1850589783,0.21897456224,0.27802781043,-0.34110244845,0.18778777438,0.22204647814,0.2769409166,0.016046966585,0.6042585675,22,9642,142,3,13,1,58,3,-1,1603,2521,119,119,7.5508724158e-16,0,1,8,0,0,2m 23s,2m 17.530s,5.466s,1m 53s,56.299014546,34.927541788,112.7241448,0.42157888037,71.900733651,-2.5192934249
48,0.62,184.766641,10.777331591,189.4431465,-4.6765054981,0.018853738878,0.0010997277134,0.019330933316,-0.00047719443859,0,0,0.083571143751,1.7129460177e-05,-0.26801451212,0.26317598192,0.26753257429,-0.2028725799,0.33288284966,0.20245000814,-0.06970686774,-0.38291110865,0.13618521915,0.16116831542,0.31094822229,-0.34456422139,0.21897645811,0.25941801135,0.27596117246,0.47321875612,0.58123081484,110,6762,3025,3,10,1,133,3,-1,2031,3381,1529,1529,8.9800335984e-16,0,1,8,0,0,2m 25s,2m 19.449s,5.583s,1m 49s,56.648287999,34.927538461,113.42658334,0.43137170081,72.471448233,-2.9325629806
49,0.63,198.37617015,13.609529144,198.66713032,-0.29096016916,0.020242466342,0.0013887274637,0.020272156155,-2.9689813179e-05,0,0,0.10448159204,1.5295288368e-05,-0.26577684723,0.28634704202,0.26524344102,-0.24939926733,0.30354353817,0.24891732949,-0.017196496151,-0.39305883336,0.15415627264,0.18311710694,0.3163639374,-0.38341445837,0.17531122242,0.20772664292,0.30753241729,0.20799008869,0.72648088947,42,7142,2641,3,14,1,147,3,-1,1928,3063,1294,1294,1.2408240155e-15,0,1,8,0,0,2m 27s,2m 21.297s,5.707s,1m 46s,56.99042026,34.927538778,114.15025439,0.47097167244,72.567862205,-3.0398292697
50,0.64,211.8185267,13.442356554,213.37194665,-1.5534199446,0.021614135378,0.0013716690361,0.021772647617,-0.00015851223924,0,0,0.089786860921,9.5107626503e-06,-0.29466735763,0.27854007221,0.29415088393,-0.24812297961,0.325199982,0.2475895734,-0.046659909792,-0.42224534441,0.1373356003,0.15988828947,0.33710444173,-0.39456091277,0.19149053652,0.2279234067,0.31346825943,0.40843398298,0.86524545806,114,2150,7634,2,14,1,245,3,-1,2022,3263,2807,2807,1.0531188717e-15,0,1,8,0,0,2m 29s,2m 23.269s,5.822s,1m 42s,57.339694446,34.927537916,115.01582037,0.64565558234,72.674014893,-2.8345600736
51,0.65,226.19921425,14.380687551,226.46707866,-0.26786440921,0.023081552475,0.0014674170971,0.023108885578,-2.7333102981e-05,0,0,0.091678660291,1.3765521952e-05,-0.2860219926,0.30892846835,0.28550540488,-0.27551597872,0.31902249016,0.27499950503,-0.010094021819,-0.42959189622,0.16169405989,0.1919267153,0.34014639855,-0.42324174756,0.17641494225,0.20690950825,0.33348607325,0.15014873048,0.42810941806,24,6023,3760,2,15,1,201,3,-1,1028,2003,2427,2427,1.2447253957e-15,0,1,8,0,0,2m 30s,2m 24.346s,5.941s,1m 38s,57.68432681,34.920395346,115.68855636,0.63316615387,72.672519818,-2.7333263096
52,0.66,241.88264028,15.683426026,242.31739422,-0.4347539461,0.024681902069,0.0016003495945,0.024726264717,-4.4362647561e-05,0,0,0.08462050783,9.8758272132e-06,-0.30128877079,0.31549230302,0.30071518453,-0.26744536923,0.3483157513,0.2669287815,-0.032823448279,-0.4514281201,0.15814044418,0.18878201463,0.35549507248,-0.43141759494,0.19942472569,0.23785194094,0.33703802334,0.35578833033,0.77696506066,82,4313,5465,2,20,1,229,3,-1,2240,3909,2188,2188,9.4718534476e-16,0,1,8,0,0,2m 32s,2m 26.585s,6.067s,1m 35s,58.028816706,34.913248414,116.42797635,0.67682635952,72.617614474,-2.6507167855
53,0.67,257.58814683,15.705506553,258.30003068,-0.71188385034,0.026284504779,0.0016026027095,0.026357145988,-7.2641209218e-05,0,0,0.084803633011,9.9151881038e-06,-0.31723439742,0.32356719728,0.31669735257,-0.28332284934,0.35425280625,0.28274926308,-0.030685608972,-0.47478450852,0.15860789551,0.1867088505,0.36987100918,-0.45405737778,0.19498707331,0.23381471184,0.35298434613,0.30727261579,0.67298638435,74,1267,8506,3,24,1,303,3,-1,1788,3174,1983,1983,9.937326045e-16,0,1,8,0,0,2m 34s,2m 28.436s,6.183s,1m 32s,58.377948515,34.913250579,117.07089756,0.63637990525,72.574180197,-2.5999000423
54,0.68,274.0903114,16.502164569,274.41066955,-0.32035815214,0.027968399123,0.0016838943438,0.02800108873,-3.2689607361e-05,0,0,0.090861964993,1.5435740829e-05,-0.31128466507,0.35022890317,0.31073438426,-0.2987164968,0.36281253653,0.29817945196,-0.012583633365,-0.48457965436,0.17874543391,0.21368517854,0.37422825141,-0.4775642989,0.19587847087,0.23251586881,0.36707347891,0.21743616745,0.38643371287,36,2813,6952,3,32,1,285,3,-1,1370,2353,1298,1298,9.9730275923e-16,0,1,8,0,0,2m 36s,2m 29.915s,6.302s,1m 28s,58.727080931,34.913249781,117.75277102,0.62358119664,72.57043115,-2.6120550408
55,0.69,291.88446802,17.794156617,292.22246188,-0.33799386569,0.02978412939,0.0018157302671,0.02981861856,-3.4489169968e-05,0,0,0.093356602949,1.0696200846e-05,-0.30562075475,0.37694213476,0.3050211359,-0.29251402019,0.38930832976,0.29196373938,-0.012366195002,-0.49518611634,0.19741427793,0.24054557644,0.37997623208,-0.48769270369,0.21571317065,0.25969582424,0.37152236839,0.21361825372,0.428927618,35,6211,3558,2,29,1,242,3,-1,1318,2163,2275,2275,8.9870199789e-16,0,1,8,0,0,2m 37s,2m 31.277s,6.424s,1m 25s,59.081143615,34.920389172,118.49519486,0.67317754327,72.48133454,-2.6100212816
56,0.7,311.09162881,19.207160796,311.29962421,-0.20799539586,0.031744043756,0.0019599143669,0.031765267776,-2.1224019985e-05,0,0,0.099494011337,1.0636334196e-05,-0.30404833568,0.39633755757,0.30333527868,-0.28785022993,0.41486094296,0.28725061108,-0.018523385387,-0.50697262154,0.20746017621,0.25817738629,0.38679580468,-0.49941161342,0.23282290302,0.28511911663,0.37808744714,0.31284219192,0.52762699079,69,7442,2291,2,65,1,214,3,-1,2581,4720,1555,1555,1.0127775769e-15,0,1,8,0,0,2m 40s,2m 34.070s,6.541s,1m 22s,59.430350115,34.920390883,119.14175169,0.62610934713,72.312344585,-2.6084913533
57,0.71,330.41816815,19.326539341,331.44477007,-1.026601919,0.033716139608,0.0019720958511,0.033820894905,-0.00010475529786,0,0,0.091792382307,9.7504211125e-06,-0.3321577466,0.40584919241,0.33157028433,-0.28675751965,0.43351632414,0.28604446265,-0.027667131724,-0.54481252727,0.20232213444,0.25044383025,0.41185111168,-0.51191049837,0.24182006462,0.30195729761,0.38566925712,0.41778701203,0.47082938283,48,2209,7565,1,25,1,234,3,-1,2346,3900,2892,2892,1.0886536977e-15,0,1,8,0,0,2m 43s,2m 36.347s,6.659s,1m 19s,59.779548775,34.920389597,119.73797152,0.5405406326,72.202233448,-2.6778069089
58,0.72,351.11332996,20.695161804,351.25384825,-0.14051828834,0.035827890812,0.0021117512044,0.035842229413,-1.4338600851e-05,0,0,0.12508831164,1.1844227362e-05,-0.31825310793,0.43802238811,0.31755927131,-0.31425091792,0.44419186419,0.31366345566,-0.006169476075,-0.55112750872,0.22750921668,0.28726657087,0.41347822989,-0.55019574174,0.23769342484,0.2956264078,0.41055173822,0.11991805988,0.50766493114,28,7289,2474,1,36,1,190,3,-1,1499,2529,2831,2831,9.9055478887e-16,0,1,8,0,0,2m 44s,2m 37.797s,6.776s,1m 16s,60.133897686,34.927533798,120.44280175,0.55253620774,72.239021566,-2.7336912368
59,0.73,66.235100879,-284.87822908,373.50826603,-307.27316515,0.0067586837632,-0.029069207049,0.03811308837,-0.031354404607,0,0,0.22068732493,8.3747385768e-06,-0.019819311145,0.026680861425,0.011387414135,-0.3012969892,0.47527417917,0.30060315258,-0.44859331775,-0.028207446355,0.015915892971,0.042889904204,0.032063206553,-0.55764490001,0.26134434939,0.33115351146,0.41300102805,0.59943645518,0.69653907119,1094,4910,2264,1547,1079,3,1119,3,-1,10633,16526,4188,4188,1.3473878591e-15,0,1,8,0,0,2m 56s,2m 49.475s,6.893s,1m 17s,60.446347643,34.984575889,122.6089358,1.8359206559,76.719031388,-6.8879475625
60,0.74,63.329055353,-2.9060455262,68.147643129,-4.8185877756,0.0064621485054,-0.00029653525778,0.0069538411356,-0.00049169263016,0,0,0.20060979883,1.9520750719e-05,-0.017909452557,0.025254222055,0.0095909089457,-0.017115792825,0.050884037207,0.0086838958145,-0.025629815153,-0.025878790635,0.014890051116,0.044196189701,0.031758714343,-0.030983189089,0.041755795997,0.069624970035,0.03372514448,0.36644058937,0.50910262518,219,4682,2396,1743,979,3,988,3,-1,5098,8466,1156,1156,1.3014637691e-15,0,1,8,0,0,3m 2s,2m 55.777s,7.029s,1m 16s,60.737431951,34.963121732,123.51917186,2.0715403978,76.671120649,-7.2871169202
61,0.75,63.83578433,0.50672897709,65.167610971,-1.3318266407,0.0065138555439,5.1707038478e-05,0.0066497562215,-0.00013590067763,0,0,0.20458173797,2.0493956811e-05,-0.0081455089919,0.024331826749,-0.00038104181814,-0.015890806645,0.049657321752,0.007572263033,-0.025325495002,-0.016796781791,0.014208140797,0.043264313352,0.022173059331,-0.028780442998,0.040930282035,0.071131629155,0.033731319121,0.39181703597,0.51909956636,220,4485,2208,1893,1214,3,993,3,-1,5488,8850,762,762,1.0240812355e-15,0,1,8,0,0,3m 8s,3m 1.428s,7.148s,1m 14s,61.087062976,34.963136299,124.3714622,2.2494085526,76.723895401,-7.6323397725
62,0.76,65.630255874,1.7944715434,65.63477589,-0.0045200165649,0.0066969648851,0.00018310934116,0.0066974261112,-4.6122618009e-07,0,0,0.19783172482,8.9224247409e-06,-0.0047494086947,0.037659270708,-0.0039034928377,-0.0073088284222,0.04894596634,-0.0012177223879,-0.011286695632,-0.017182736683,0.026064814621,0.057215832541,0.022478504419,-0.020417932248,0.040376318218,0.070274234417,0.024748956481,0.068908171864,0.1858677037,58,4680,2084,1896,1140,3,979,3,-1,2355,3786,280,280,1.4225165351e-15,0,1,8,0,0,3m 11s,3m 3.725s,7.266s,1m 11s,61.436683895,34.963138603,125.13115983,2.3173611735,76.743108805,-7.5006340877
63,0.77,62.63768152,-2.9925743533,68.079914941,-5.4422334209,0.0063916001551,-0.00030536472993,0.006946930096,-0.0005553299409,0,0,0.17955045772,9.4432866065e-06,0.0099861330135,0.02899711396,-0.018168071109,-0.00402253639,0.062100330241,-0.0046303651424,-0.033103216281,-0.00062700058027,0.023046179901,0.049833721249,0.0075568858177,-0.021045818419,0.051840552723,0.083910894464,0.025085198778,0.460074109,0.48033219619,230,4175,2035,2023,1567,3,970,3,-1,5486,8734,954,954,1.2836952134e-15,0,1,8,0,0,3m 16s,3m 8.823s,7.388s,1m 9s,61.784666741,34.970299845,125.91916946,2.4306636176,76.9696413,-7.7279793798
64,0.78,62.094509795,-0.54317172495,64.65834836,-2.5638385644,0.0063361744689,-5.542568622e-05,0.006597790649,-0.00026161618004,0,0,0.20445131946,2.1557029272e-05,0.021942580611,0.029627612524,-0.030187655034,0.0095972067853,0.053286495526,-0.017779144881,-0.023658883002,0.0098424093824,0.02498803696,0.057081275725,-0.0025268391935,-0.0048777337852,0.048733179488,0.076242241645,0.010708128869,0.30339892577,0.36713177482,132,4025,1932,2500,1343,3,928,3,-1,4112,6859,800,800,1.3186819967e-15,0,1,8,0,0,3m 20s,3m 13.006s,7.505s,1m 6s,62.121650007,34.963204402,126.08616473,1.8914074381,77.526556723,-7.9025178341
65,0.79,60.314298753,-1.7802110425,64.142997953,-3.8286991998,0.0061545202809,-0.00018165418801,0.0065452038727,-0.00039068359182,0,0,0.16461122781,1.2783384425e-05,0.037780360848,0.027462774493,-0.045594201626,0.020998376924,0.053954878529,-0.029243451347,-0.026492104036,0.024841072054,0.028616603124,0.051932273923,-0.017813431843,0.0053384637039,0.050589890867,0.083345316661,0.00092341404536,0.43590873459,0.37789195724,196,3701,1644,2479,1976,3,939,3,-1,4944,8512,851,851,1.4314501711e-15,0,1,8,0,0,3m 26s,3m 18.660s,7.624s,1m 4s,62.464115451,34.963207136,126.85547293,1.9879715097,77.698561326,-8.1983162902
66,0.8,61.155018838,0.84072008546,62.260995929,-1.1059770909,0.0062403080447,8.5787763823e-05,0.0063531628499,-0.00011285480519,0,0,0.17165936649,8.8370526259e-06,0.049231262442,0.031038014147,-0.056951004588,0.035986861527,0.052038451007,-0.043800702305,-0.02100043686,0.03365688754,0.034039206359,0.054843616099,-0.02675438086,0.019878703401,0.054420727934,0.078287399367,-0.01404690558,0.3970492873,0.47890521519,113,3721,1433,2422,2224,3,915,3,-1,3394,5481,676,676,1.467198672e-15,0,1,8,0,0,3m 29s,3m 21.821s,7.741s,1m 1s,62.800918041,34.95610781,127.51417893,2.0075185291,77.834532097,-8.4277863241
67,0.81,60.578284526,-0.57673431182,63.278794271,-2.700509745,0.0061814576047,-5.8850439982e-05,0.0064570198236,-0.00027556221888,0,0,0.1769496226,1.4629965575e-05,0.032855106594,0.033000573405,-0.040661258835,0.047117870309,0.055596704515,-0.054837612456,-0.02259613111,0.021124316408,0.033544917682,0.044230439282,-0.015846521046,0.028559330498,0.059786343934,0.081034691124,-0.022908704614,0.29722815252,0.400049362,158,3560,1467,2474,2299,3,922,3,-1,4519,7517,720,720,9.980536456e-16,0,1,8,0,0,3m 34s,3m 26.271s,7.860s,59s,63.156290254,34.963267995,128.12538353,2.1914666071,77.897156304,-8.4865065519
68,0.82,62.665031708,2.0867471819,62.817533372,-0.15250166386,0.0063943909906,0.00021293338591,0.0064099523849,-1.5561394271e-05,0,0,0.18086422015,1.8430055415e-05,0.031582601863,0.047500631227,-0.039446904725,0.030887664061,0.058260898526,-0.038693816302,-0.0107602673,0.016436025908,0.045511832215,0.059082627121,-0.0115028851,0.015897447064,0.060044263977,0.071107388875,-0.012075567826,0.26795049345,0.37417973836,52,3877,1436,2630,1857,3,912,3,-1,2872,4803,333,333,1.225052212e-15,0,1,8,0,0,3m 37s,3m 29.220s,7.986s,55s,63.505916597,34.963262251,128.81084403,2.3559410188,77.998540024,-8.4715326495
69,0.83,61.67399477,-0.99103693838,65.616024742,-3.942029972,0.0062932647724,-0.0001011262182,0.0066955127288,-0.00040224795632,0,0,0.17175479077,9.8633766355e-06,0.011376741065,0.043907112152,-0.019052795159,0.029675557472,0.072755266229,-0.037539860335,-0.028848154077,0.0020789501649,0.040782451369,0.033837805549,-0.0015443181693,0.0110453512,0.071794617873,0.085802872649,-0.0077524977699,0.30709583556,0.39356482795,207,3431,1931,2407,2031,3,905,3,-1,3062,5042,810,810,1.0133683879e-15,0,1,8,0,0,3m 40s,3m 32.532s,8.105s,52s,63.843706106,34.948965374,129.55999739,2.4803610942,78.031570476,-8.579913443
70,0.84,63.35506263,1.6810678597,64.465221057,-1.110158427,0.0064648023092,0.00017153753671,0.0065780837813,-0.00011328147215,0,0,0.16551921978,1.3799597896e-05,0.011392168036,0.04687208416,-0.019141965235,0.0093402305108,0.069564770086,-0.017016284605,-0.022692685927,0.0018539745113,0.042961160283,0.033952799715,-0.00143805378,-0.0034897124889,0.067352290927,0.060702954032,0.0022493017227,0.33308367318,0.40173701192,121,3351,2055,2394,2000,3,928,3,-1,3896,6637,507,507,1.4476592416e-15,0,1,8,0,0,3m 45s,3m 37.108s,8.222s,50s,64.193158654,34.948921779,130.31869246,2.5524172837,78.042353548,-8.6240946877
71,0.85,60.358329809,-2.9967328205,66.298563977,-5.9402341677,0.0061590132458,-0.00030578906332,0.0067651595895,-0.00060614634364,0,0,0.16588653785,9.6375555662e-06,0.018949797896,0.04035685388,-0.026352450445,0.0089472211358,0.072840268153,-0.016697018335,-0.032483414273,0.0098494212891,0.037631772848,0.028869750852,-0.0099514743429,-0.0041270837253,0.069574380575,0.060881031354,0.002612886686,0.35127955026,0.477954459,210,3082,2019,2504,2195,3,903,3,-1,5543,8898,1080,1080,1.2132791291e-15,0,1,8,0,0,3m 51s,3m 42.881s,8.346s,47s,64.544843073,34.934669261,131.19609334,2.6855821548,77.660000471,-9.2007720695
72,0.86,63.195636084,2.8373062749,62.994465631,0.20117045328,0.0064485342943,0.00028952104846,0.006428006697,2.0527597273e-05,0,0,0.16734801879,2.4918953735e-05,0.019425034298,0.04959307758,-0.027192191349,0.015620930352,0.066824356584,-0.023023582901,-0.017231279004,0.0080398791572,0.0462106212,0.037538144865,-0.0084909144493,0.0036309606592,0.064597418774,0.056024087874,-0.0054818994813,0.30678360192,0.28995084987,91,3197,1906,2772,1925,3,862,3,-1,2787,4383,630,630,1.4454043844e-15,0,1,8,0,0,3m 54s,3m 45.575s,8.466s,44s,64.894141023,34.934644348,131.90580384,2.7217362539,77.715521213,-9.1823234103
73,0.87,65.350531385,2.1548953014,66.287568533,-0.93703714796,0.0066684215699,0.00021988727565,0.0067640376055,-9.5616035506e-05,0,0,0.16294158093,1.3135052249e-05,0.019904293741,0.056874209107,-0.027610315059,0.01597883392,0.076157661654,-0.023745990971,-0.019283452547,0.006198314634,0.051615057823,0.042827220088,-0.0072250961914,0.0016339341424,0.073032009647,0.064585808226,-0.0038491337185,0.36075273005,0.40910102392,79,3167,2006,2837,1790,3,867,3,-1,3592,5952,502,502,9.9818459985e-16,0,1,8,0,0,3m 57s,3m 49.155s,8.584s,41s,65.243505469,34.934652675,132.62101428,2.7658992357,77.673473686,-9.1703059033
74,0.88,68.684822204,3.3342908186,68.805119454,-0.12029724988,0.0070086553269,0.000340233757,0.0070209305565,-1.2275229579e-05,0,0,0.19039422263,9.9146127334e-06,0.019534634629,0.070752947176,-0.027350372926,0.016417081169,0.083610360266,-0.024123102486,-0.01285741309,0.0021106103668,0.062490736939,0.054796603947,-0.0046150676956,-0.00045258655284,0.078380335127,0.069862230875,-0.0025474754224,0.27621050472,0.28203561199,67,3217,2010,3082,1491,3,866,3,-1,2162,3594,290,290,1.3128224466e-15,0,1,8,0,0,4m 0s,3m 51.298s,8.703s,37s,65.592851427,34.934651017,133.37011026,2.8432678561,77.651279724,-9.1324545031
75,0.89,67.242795358,-1.4420268462,72.822076101,-5.5792807428,0.0068615097304,-0.00014714559655,0.0074308240919,-0.00056931436151,0,0,0.1704293984,1.9445263842e-05,0.018268052136,0.065024580123,-0.025933777506,0.016230998854,0.097492119193,-0.024046737151,-0.03246753907,0.0024215395767,0.055383163657,0.039216191419,-0.0088063671011,-0.0046325581096,0.089065098653,0.081677013533,-0.0001404930157,0.36194185485,0.35791420986,229,3022,2239,2787,1752,3,859,3,-1,6732,11579,981,981,1.8068106895e-15,0,1,8,0,0,4m 7s,3m 58.428s,8.822s,35s,65.922307155,34.920358049,134.27316409,3.2634528269,77.649952845,-8.9196525881
76,0.9,68.417413352,1.1746179938,71.10369111,-2.6862777585,0.0069813687094,0.00011985897896,0.0072554786847,-0.00027410997535,0,0,0.16211513319,9.9490331115e-06,0.026641044173,0.065722232914,-0.034233630287,0.014603462825,0.092086139397,-0.022269188195,-0.026363906482,0.0094358891729,0.057866851294,0.041710686119,-0.015933740157,-0.0043316093971,0.08217109322,0.066097932203,-0.0043384481527,0.434987662,0.51338403133,148,2942,2075,2793,1990,3,873,3,-1,3515,6023,755,755,1.5446826631e-15,0,1,8,0,0,4m 11s,4m 2.197s,8.948s,32s,66.271556314,34.920380654,134.83666143,3.1301636515,77.72028432,-8.9658322386
77,0.91,65.950608147,-2.4668052044,72.325867602,-6.3752594545,0.0067296538926,-0.00025171481678,0.0073801905716,-0.00065053667904,0,0,0.16651236081,9.5452714447e-06,0.029325084946,0.059887404837,-0.036852880419,0.022752891126,0.093196629787,-0.03034547724,-0.03330922495,0.012703466594,0.054758789281,0.037173872168,-0.019475800511,0.0024899719004,0.084910070154,0.068799942421,-0.011400014308,0.2652288399,0.24026252768,166,2767,2157,2983,1893,3,825,3,-1,7351,11909,951,951,1.1981466359e-15,0,1,8,0,0,4m 18s,4m 9.070s,9.066s,29s,66.620751462,34.920344552,135.448796,3.0780641087,77.719354286,-8.9229057993
78,0.92,66.565522191,0.61491404383,69.599213479,-3.0336912884,0.0067924002236,6.2746331003e-05,0.0071019605591,-0.00030956033555,0,0,0.16902775666,8.4903648297e-06,0.020472389881,0.057988330879,-0.028133546478,0.024758363404,0.088394545419,-0.032286158877,-0.03040621454,0.013665659984,0.05034981694,0.025242383509,-0.022374035371,0.0054739801411,0.082704175372,0.065075214939,-0.014546845607,0.2533542056,0.30569013805,187,2110,2113,3177,2400,3,844,3,-1,5801,9727,1186,1186,1.7247665152e-15,0,1,8,0,0,4m 24s,4m 14.695s,9.189s,26s,66.962223738,34.927453807,136.22075295,3.2942620362,77.771970916,-9.2428548782
79,0.93,68.109107892,1.5435857005,70.131615973,-2.0225080816,0.0069499089685,0.00015750874495,0.0071562873442,-0.00020637837568,0,0,0.16173189413,9.996863101e-06,0.026495557109,0.056180351692,-0.034442471983,0.015604310434,0.086898185132,-0.023265467031,-0.03071783344,0.019341369524,0.046358197121,0.025227908531,-0.028732422521,0.0075463713462,0.078601965866,0.053225909597,-0.018666625757,0.42060890147,0.56996347672,134,2128,2000,3036,2636,3,869,3,-1,3615,6051,707,707,1.3418733437e-15,0,1,8,0,0,4m 27s,4m 18.328s,9.309s,23s,67.31153868,34.927456076,136.93290575,3.353040008,77.796058028,-9.3406807975
80,0.94,69.658275553,1.5491676618,71.599763281,-1.9414877279,0.0071079873014,0.00015807833283,0.007306098294,-0.00019811099265,0,0,0.1693636579,1.9967072799e-05,0.02868907137,0.060360485929,-0.036878709221,0.021352591385,0.085614820062,-0.029299506258,-0.025254334134,0.022524975367,0.049555058984,0.029697970817,-0.03197214802,0.013252705228,0.075095478058,0.053591046983,-0.025067028854,0.10608882318,0.21669712428,124,2054,1867,3160,2719,3,879,3,-1,3476,5838,534,534,1.2540812101e-15,0,1,8,0,0,4m 31s,4m 21.683s,9.427s,19s,67.660833261,34.927479292,137.60336832,3.3349966667,77.686873323,-9.2827583711
81,0.95,67.764450961,-1.8938245922,73.358843665,-5.594392704,0.006914739894,-0.00019324740737,0.0074855962924,-0.00057085639837,0,0,0.16654146441,9.3761299276e-06,0.029540199769,0.044275689165,-0.03779455701,0.023591551147,0.090011266039,-0.031781188997,-0.045735576874,0.025350104655,0.033723783078,0.023283325957,-0.032872584429,0.016728048579,0.078460577958,0.058198827099,-0.028709053326,0.31765099071,0.43660158616,242,1925,1911,3022,2942,3,879,3,-1,9691,15764,1186,1186,1.6227134887e-15,0,1,8,0,0,4m 41s,4m 31.365s,9.544s,17s,67.982250728,34.913208429,138.10264372,3.1940665991,77.675244266,-9.1501233111
82,0.96,69.033061881,1.26861092,70.693509481,-1.6604475997,0.0070441899879,0.00012945009387,0.0072136234164,-0.00016943342854,0,0,0.23345365354,9.8337759761e-06,0.028152138152,0.051767999341,-0.036637899493,0.023838521437,0.074661056724,-0.032092878677,-0.022893057383,0.024721448397,0.040475956557,0.032858382575,-0.031942164012,0.019659767478,0.063201739639,0.052382595856,-0.029331808627,0.32270795623,0.46712999572,194,1968,1684,3276,2872,3,832,3,-1,5882,9508,827,827,1.3686620015e-15,0,1,8,0,0,4m 46s,4m 36.985s,9.661s,13s,68.317090626,34.913167962,138.82130583,3.2849139939,77.618580521,-8.9216990326
83,0.97,68.638369801,-0.39469207997,72.334891487,-3.6965216855,0.0070039152858,-4.0274702038e-05,0.0073811113762,-0.00037719609035,0,0,0.27449463849,9.5380614265e-06,0.032076623875,0.051091822893,-0.040523214217,0.022646104085,0.082249503751,-0.031131865425,-0.031157680857,0.029771714474,0.042016107175,0.031542368342,-0.038032232862,0.019545513159,0.07003861763,0.062015399067,-0.028817521089,0.33734485472,0.37894627502,227,1941,1444,3581,2834,3,841,3,-1,6623,10644,1137,1137,2.1632815446e-15,0,1,8,0,0,4m 53s,4m 43.298s,9.783s,10s,68.665999968,34.920360578,139.61898759,3.4449440154,77.403081422,-9.4379239369
84,0.98,66.812634108,-1.8257356937,71.920216363,-5.1075822557,0.0068176157253,-0.00018629956058,0.0073387975881,-0.00052118186283,0,0,0.19791150859,9.5972429468e-06,0.029672438989,0.034729591047,-0.038153815293,0.026501603404,0.081898752482,-0.034948193746,-0.047169161435,0.028944270617,0.027308294591,0.018340961704,-0.034002904529,0.025434977762,0.072156073655,0.061204959172,-0.035721827795,0.46236192628,0.50762806654,333,1801,1570,3353,3076,3,865,3,-1,9228,15032,1469,1469,1.5494355066e-15,0,1,8,0,0,5m 2s,4m 52.190s,9.900s,7.071s,68.994005516,34.906083868,140.3750646,3.5235739526,77.538904329,-10.274500239
85,0.99,66.26197153,-0.5506625779,69.323499302,-3.0615277724,0.0067614256663,-5.619005897e-05,0.0070738264594,-0.00031240079311,0,0,0.20619531576,1.9900373565e-05,0.029786639828,0.031022071425,-0.038457410939,0.023387260923,0.066748545173,-0.031868637227,-0.035726473748,0.028623616648,0.024094602053,0.014499166953,-0.033081704353,0.024927229171,0.058638888113,0.049267514993,-0.031649074555,0.34168139819,0.3022836378,163,1694,1598,3325,3183,3,860,3,-1,3911,6315,932,932,2.1902965468e-15,0,1,8,0,0,5m 6s,4m 56.296s,10.020s,3.544s,69.343031635,34.906022853,141.14466987,3.6203570079,77.577522874,-10.433310509
86,1,64.88627188,-1.3756996492,68.606987128,-3.7207152474,0.0066210481511,-0.00014037751522,0.0070007129722,-0.00037966482117,0,0,0.19602371329,1.4589010054e-05,0.022365691144,0.023218101487,-0.03094855448,0.023365240978,0.063689171644,-0.03203601209,-0.040471070157,0.021221703474,0.017074622161,0.0095967675684,-0.025467076502,0.02456777978,0.056144078381,0.046151881412,-0.030860883392,0.36321052732,0.42261942903,243,1723,1701,3003,3373,3,799,3,-1,5178,8514,1089,1089,1.395165319e-15,0,1,8,0,0,5m 12s,5m 1.758s,10.140s,0.000s,69.670749637,34.898901931,141.8745415,3.6973462607,77.594210082,-10.108652931
